run_id,run_folder,start,end,interval,status,message,run_directory
2022-10-09_to_2022-10-10,D:\flood prediction\Data Collections\reconstructed_discharge\2022-10-09_to_2022-10-10,"09OCT2022,0000","10OCT2022,2300",1HOUR,SUCCESS,elapsed=3.1s,D:\flood prediction\Data Collections\automated_runs\2022-10-09_to_2022-10-10
2022-10-14_to_2022-10-15,D:\flood prediction\Data Collections\reconstructed_discharge\2022-10-14_to_2022-10-15,"14OCT2022,0000","15OCT2022,2300",1HOUR,SUCCESS,elapsed=3.2s,D:\flood prediction\Data Collections\automated_runs\2022-10-14_to_2022-10-15
2022-10-22_to_2022-10-22,D:\flood prediction\Data Collections\reconstructed_discharge\2022-10-22_to_2022-10-22,"22OCT2022,0000","22OCT2022,2300",1HOUR,SUCCESS,elapsed=3.0s,D:\flood prediction\Data Collections\automated_runs\2022-10-22_to_2022-10-22
2022-10-25_to_2022-10-25,D:\flood prediction\Data Collections\reconstructed_discharge\2022-10-25_to_2022-10-25,"25OCT2022,0000","25OCT2022,2300",1HOUR,SUCCESS,elapsed=3.2s,D:\flood prediction\Data Collections\automated_runs\2022-10-25_to_2022-10-25
2022-11-19_to_2022-11-21,D:\flood prediction\Data Collections\reconstructed_discharge\2022-11-19_to_2022-11-21,"19NOV2022,0000","21NOV2022,2300",1HOUR,SUCCESS,elapsed=3.1s,D:\flood prediction\Data Collections\automated_runs\2022-11-19_to_2022-11-21
2022-12-01_to_2022-12-05_2022-12-01_to_2022-12-04,D:\flood prediction\Data Collections\reconstructed_discharge\2022-12-01_to_2022-12-05\2022-12-01_to_2022-12-04,"01DEC2022,0000","04DEC2022,2300",1HOUR,SUCCESS,elapsed=3.1s,D:\flood prediction\Data Collections\automated_runs\2022-12-01_to_2022-12-05_2022-12-01_to_2022-12-04
2022-12-01_to_2022-12-05_2022-12-04_to_2022-12-05,D:\flood prediction\Data Collections\reconstructed_discharge\2022-12-01_to_2022-12-05\2022-12-04_to_2022-12-05,"04DEC2022,0000","05DEC2022,2300",1HOUR,SUCCESS,elapsed=3.0s,D:\flood prediction\Data Collections\automated_runs\2022-12-01_to_2022-12-05_2022-12-04_to_2022-12-05
2022-12-17_to_2022-12-17,D:\flood prediction\Data Collections\reconstructed_discharge\2022-12-17_to_2022-12-17,"17DEC2022,0000","17DEC2022,2300",1HOUR,SUCCESS,elapsed=3.1s,D:\flood prediction\Data Collections\automated_runs\2022-12-17_to_2022-12-17
2023-01-16_to_2023-01-16,D:\flood prediction\Data Collections\reconstructed_discharge\2023-01-16_to_2023-01-16,"16JAN2023,0000","16JAN2023,2300",1HOUR,SUCCESS,elapsed=2.9s,D:\flood prediction\Data Collections\automated_runs\2023-01-16_to_2023-01-16
2023-01-24_to_2023-01-24,D:\flood prediction\Data Collections\reconstructed_discharge\2023-01-24_to_2023-01-24,"24JAN2023,0000","24JAN2023,2300",1HOUR,SUCCESS,elapsed=3.0s,D:\flood prediction\Data Collections\automated_runs\2023-01-24_to_2023-01-24
2023-01-27_to_2023-01-27,D:\flood prediction\Data Collections\reconstructed_discharge\2023-01-27_to_2023-01-27,"27JAN2023,0000","27JAN2023,2300",1HOUR,SUCCESS,elapsed=3.1s,D:\flood prediction\Data Collections\automated_runs\2023-01-27_to_2023-01-27
2023-02-27_to_2023-02-27,D:\flood prediction\Data Collections\reconstructed_discharge\2023-02-27_to_2023-02-27,"27FEB2023,0000","27FEB2023,2300",1HOUR,SUCCESS,elapsed=3.0s,D:\flood prediction\Data Collections\automated_runs\2023-02-27_to_2023-02-27
2023-06-09_to_2023-06-09,D:\flood prediction\Data Collections\reconstructed_discharge\2023-06-09_to_2023-06-09,"09JUN2023,0000","09JUN2023,2300",1HOUR,SUCCESS,elapsed=2.9s,D:\flood prediction\Data Collections\automated_runs\2023-06-09_to_2023-06-09
2023-09-25_to_2023-09-25,D:\flood prediction\Data Collections\reconstructed_discharge\2023-09-25_to_2023-09-25,"25SEP2023,0000","25SEP2023,2300",1HOUR,SUCCESS,elapsed=3.0s,D:\flood prediction\Data Collections\automated_runs\2023-09-25_to_2023-09-25
2023-10-09_to_2023-10-10,D:\flood prediction\Data Collections\reconstructed_discharge\2023-10-09_to_2023-10-10,"09OCT2023,0000","10OCT2023,2300",1HOUR,SUCCESS,elapsed=2.9s,D:\flood prediction\Data Collections\automated_runs\2023-10-09_to_2023-10-10
2023-10-12_to_2023-10-17_2023-10-12_to_2023-10-15,D:\flood prediction\Data Collections\reconstructed_discharge\2023-10-12_to_2023-10-17\2023-10-12_to_2023-10-15,"12OCT2023,0000","15OCT2023,2300",1HOUR,SUCCESS,elapsed=3.1s,D:\flood prediction\Data Collections\automated_runs\2023-10-12_to_2023-10-17_2023-10-12_to_2023-10-15
2023-10-12_to_2023-10-17_2023-10-15_to_2023-10-17,D:\flood prediction\Data Collections\reconstructed_discharge\2023-10-12_to_2023-10-17\2023-10-15_to_2023-10-17,"15OCT2023,0000","17OCT2023,2300",1HOUR,SUCCESS,elapsed=2.9s,D:\flood prediction\Data Collections\automated_runs\2023-10-12_to_2023-10-17_2023-10-15_to_2023-10-17
2023-10-23_to_2023-10-23,D:\flood prediction\Data Collections\reconstructed_discharge\2023-10-23_to_2023-10-23,"23OCT2023,0000","23OCT2023,2300",1HOUR,SUCCESS,elapsed=3.1s,D:\flood prediction\Data Collections\automated_runs\2023-10-23_to_2023-10-23
2023-10-30_to_2023-10-30,D:\flood prediction\Data Collections\reconstructed_discharge\2023-10-30_to_2023-10-30,"30OCT2023,0000","30OCT2023,2300",1HOUR,SUCCESS,elapsed=3.1s,D:\flood prediction\Data Collections\automated_runs\2023-10-30_to_2023-10-30
2023-11-01_to_2023-11-01,D:\flood prediction\Data Collections\reconstructed_discharge\2023-11-01_to_2023-11-01,"01NOV2023,0000","01NOV2023,2300",1HOUR,SUCCESS,elapsed=3.2s,D:\flood prediction\Data Collections\automated_runs\2023-11-01_to_2023-11-01
2023-11-07_to_2023-11-07,D:\flood prediction\Data Collections\reconstructed_discharge\2023-11-07_to_2023-11-07,"07NOV2023,0000","07NOV2023,2300",1HOUR,SUCCESS,elapsed=3.3s,D:\flood prediction\Data Collections\automated_runs\2023-11-07_to_2023-11-07
2023-11-12_to_2023-11-14,D:\flood prediction\Data Collections\reconstructed_discharge\2023-11-12_to_2023-11-14,"12NOV2023,0000","14NOV2023,2300",1HOUR,SUCCESS,elapsed=2.8s,D:\flood prediction\Data Collections\automated_runs\2023-11-12_to_2023-11-14
2023-11-16_to_2023-11-16,D:\flood prediction\Data Collections\reconstructed_discharge\2023-11-16_to_2023-11-16,"16NOV2023,0000","16NOV2023,2300",1HOUR,SUCCESS,elapsed=2.7s,D:\flood prediction\Data Collections\automated_runs\2023-11-16_to_2023-11-16
2023-11-25_to_2023-11-25,D:\flood prediction\Data Collections\reconstructed_discharge\2023-11-25_to_2023-11-25,"25NOV2023,0000","25NOV2023,2300",1HOUR,SUCCESS,elapsed=2.8s,D:\flood prediction\Data Collections\automated_runs\2023-11-25_to_2023-11-25
2023-11-30_to_2023-12-02,D:\flood prediction\Data Collections\reconstructed_discharge\2023-11-30_to_2023-12-02,"30NOV2023,0000","02DEC2023,2300",1HOUR,SUCCESS,elapsed=3.0s,D:\flood prediction\Data Collections\automated_runs\2023-11-30_to_2023-12-02
2023-12-17_to_2023-12-17,D:\flood prediction\Data Collections\reconstructed_discharge\2023-12-17_to_2023-12-17,"17DEC2023,0000","17DEC2023,2300",1HOUR,SUCCESS,elapsed=3.2s,D:\flood prediction\Data Collections\automated_runs\2023-12-17_to_2023-12-17
2023-12-20_to_2023-12-21,D:\flood prediction\Data Collections\reconstructed_discharge\2023-12-20_to_2023-12-21,"20DEC2023,0000","21DEC2023,2300",1HOUR,SUCCESS,elapsed=2.8s,D:\flood prediction\Data Collections\automated_runs\2023-12-20_to_2023-12-21
2023-12-27_to_2023-12-28,D:\flood prediction\Data Collections\reconstructed_discharge\2023-12-27_to_2023-12-28,"27DEC2023,0000","28DEC2023,2300",1HOUR,SUCCESS,elapsed=2.9s,D:\flood prediction\Data Collections\automated_runs\2023-12-27_to_2023-12-28
