lat,lon,flow_area
16.000231,108.184494,Perimeter 1
16.005888,108.195165,Perimeter 1
16.00606,108.193481,Perimeter 1
16.006201,108.195525,Perimeter 1
16.0073514,108.1953418,Perimeter 1
16.0099265,108.193609,Perimeter 1
16.01037,108.197732,Perimeter 1
16.01071,108.197425,Perimeter 1
16.011007,108.195483,Perimeter 1
16.0110712,108.1973655,Perimeter 1
16.011562,108.18557,Perimeter 1
16.011747,108.198395,Perimeter 1
16.0120268,108.1982008,Perimeter 1
16.012248,108.197729,Perimeter 1
16.012546,108.2016394,Perimeter 1
16.014157,108.204203,Perimeter 1
16.0141819,108.1985116,Perimeter 1
16.0147687,108.2037304,Perimeter 1
16.0155058,108.199074,Perimeter 1
16.015747,108.209209,Perimeter 1
16.0158653,108.1955175,Perimeter 1
16.016006,108.201778,Perimeter 1
16.0161763,108.2012127,Perimeter 1
16.01631,108.195264,Perimeter 1
16.01668,108.198518,Perimeter 1
16.016793,108.195176,Perimeter 1
16.016951,108.195593,Perimeter 1
16.017234,108.200893,Perimeter 1
16.018531,108.212618,Perimeter 1
16.019923,108.206825,Perimeter 1
16.0209571,108.2033829,Perimeter 1
16.021599,108.191315,Perimeter 1
16.021821,108.208949,Perimeter 1
16.0218883,108.2094371,Perimeter 1
16.0231093,108.2020901,Perimeter 1
16.023608,108.206777,Perimeter 1
16.024204,108.212221,Perimeter 1
16.024533,108.215139,Perimeter 1
16.0252241,108.2151083,Perimeter 1
16.02625274658203,108.22096252441406,Perimeter 1
16.026889,108.188844,Perimeter 1
16.027844,108.189637,Perimeter 1
16.028966,108.186217,Perimeter 1
16.02923011779785,108.22687530517578,Perimeter 1
16.03145,108.22181,Perimeter 1
16.031996,108.179543,Perimeter 1
16.032312393188477,108.2187042236328,Perimeter 1
16.032403,108.179302,Perimeter 1
16.032473,108.187881,Perimeter 1
16.032636,108.208222,Perimeter 1
16.033055,108.223181,Perimeter 1
16.0341363,108.2138408,Perimeter 1
16.034425,108.218524,Perimeter 1
16.03445,108.21947,Perimeter 1
16.03456,108.21966,Perimeter 1
16.035159,108.184479,Perimeter 1
16.03528,108.214264,Perimeter 1
16.0353623,108.2178567,Perimeter 1
16.035367,108.2178533,Perimeter 1
16.0353676,108.2178562,Perimeter 1
16.0353693,108.2178587,Perimeter 1
16.0355718,108.2217973,Perimeter 1
16.035742,108.218349,Perimeter 1
16.03576,108.22907,Perimeter 1
16.036302,108.209578,Perimeter 1
16.036657333374023,108.2182159423828,Perimeter 1
16.03667,108.218212,Perimeter 1
16.0367248,108.222861,Perimeter 1
16.0367486,108.222903,Perimeter 1
16.03735,108.22097,Perimeter 1
16.0377244,108.2160317,Perimeter 1
16.037902,108.225199,Perimeter 1
16.038103,108.2191,Perimeter 1
16.038924,108.215709,Perimeter 1
16.039158,108.21858,Perimeter 1
16.039722,108.181928,Perimeter 1
16.039792,108.212234,Perimeter 1
16.039946,108.220949,Perimeter 1
16.040617,108.182671,Perimeter 1
16.040634155273438,108.2218017578125,Perimeter 1
16.040948,108.211216,Perimeter 1
16.041316,108.220731,Perimeter 1
16.042005,108.183338,Perimeter 1
16.042099,108.185074,Perimeter 1
16.042426,108.212425,Perimeter 1
16.04255547747016,108.21285467594862,Perimeter 1
16.042633056640625,108.22230255089931,Perimeter 1
16.042747497558594,108.20645141601562,Perimeter 1
16.042812,108.212992,Perimeter 1
16.042861938476562,108.21976815485456,Perimeter 1
16.04288,108.21747,Perimeter 1
16.04292,108.21747,Perimeter 1
16.04309,108.21754,Perimeter 1
16.043234,108.212723,Perimeter 1
16.043468,108.178737,Perimeter 1
16.043487548828125,108.1778180367798,Perimeter 1
16.043659210205078,108.20743560791016,Perimeter 1
16.043708,108.218757,Perimeter 1
16.043731689453125,108.20780510417008,Perimeter 1
16.043905802071095,108.21287512779236,Perimeter 1
16.043913,108.211462,Perimeter 1
16.044189453125,108.2079620361328,Perimeter 1
16.0443022,108.206423,Perimeter 1
16.0443342,108.2064101,Perimeter 1
16.044662,108.216924,Perimeter 1
16.04537,108.21836,Perimeter 1
16.04789,108.181656,Perimeter 1
16.049157,108.217899,Perimeter 1
16.049304962158203,108.1745147705078,Perimeter 1
16.0502164,108.2140189,Perimeter 1
16.050434112548828,108.17829132080078,Perimeter 1
16.050447463989258,108.17259216308594,Perimeter 1
16.050855,108.216126,Perimeter 1
16.05242,108.1776,Perimeter 1
16.052579,108.220012,Perimeter 1
16.052976608276367,108.17292785644533,Perimeter 1
16.053165435791016,108.17356872558594,Perimeter 1
16.0535,108.17748,Perimeter 1
16.053571,108.219193,Perimeter 1
16.053729,108.1870049,Perimeter 1
16.05408477783203,108.2174301147461,Perimeter 1
16.054156,108.188345,Perimeter 1
16.054174,108.188345,Perimeter 1
16.054277420043945,108.1769561767578,Perimeter 1
16.0542813,108.1774378,Perimeter 1
16.054285049438477,108.1769561767578,Perimeter 1
16.054541169731696,108.1778583007218,Perimeter 1
16.05462,108.176192,Perimeter 1
16.05495834350586,108.18316650390624,Perimeter 1
16.054990768432617,108.21727752685548,Perimeter 1
16.055457,108.220587,Perimeter 1
16.055469,108.175517,Perimeter 1
16.05556,108.22154,Perimeter 1
16.055583953857422,108.17413330078124,Perimeter 1
16.055689,108.244148,Perimeter 2
16.056127548217773,108.17572784423828,Perimeter 1
16.056129455566406,108.21710968017578,Perimeter 1
16.056468,108.221084,Perimeter 1
16.056482315063477,108.21705627441406,Perimeter 1
16.056556701660156,108.17224884033205,Perimeter 1
16.0568221,108.2069323,Perimeter 1
16.056957,108.209961,Perimeter 1
16.057029724121094,108.21882629394533,Perimeter 1
16.057249,108.2099,Perimeter 1
16.05737,108.17186,Perimeter 1
16.057613,108.243115,Perimeter 2
16.0576222,108.2140635,Perimeter 1
16.057736,108.172294,Perimeter 1
16.058088302612305,108.21272277832033,Perimeter 1
16.058097,108.176358,Perimeter 1
16.0582374,108.1853408,Perimeter 1
16.058324,108.183332,Perimeter 1
16.058329,108.204388,Perimeter 1
16.05844,108.20857,Perimeter 1
16.058481,108.174538,Perimeter 1
16.05857,108.175165,Perimeter 1
16.058578491210938,108.184375098585,Perimeter 1
16.05867033699312,108.18442019986053,Perimeter 1
16.0587158203125,108.17282790966496,Perimeter 1
16.058777,108.231758,Perimeter 2
16.058884,108.175205,Perimeter 1
16.058940887451172,108.20952606201172,Perimeter 1
16.059013,108.207359,Perimeter 1
16.0590904,108.1838081,Perimeter 1
16.059119,108.175579,Perimeter 1
16.0594928,108.1754197,Perimeter 1
16.059528,108.175181,Perimeter 1
16.059568,108.174272,Perimeter 1
16.059656143188477,108.1865692138672,Perimeter 1
16.059846878051758,108.21114349365234,Perimeter 1
16.059951,108.235026,Perimeter 2
16.060049,108.210759,Perimeter 1
16.060278,108.214302,Perimeter 1
16.060291,108.209328,Perimeter 1
16.060342,108.215033,Perimeter 1
16.060348,108.212976,Perimeter 1
16.06038,108.21822,Perimeter 1
16.06048,108.21371,Perimeter 1
16.060583114624023,108.21109771728516,Perimeter 1
16.0605904,108.1850074,Perimeter 1
16.0606614,108.2107768,Perimeter 1
16.060806274414062,108.22024536132812,Perimeter 1
16.0608477,108.1715949,Perimeter 1
16.060848236083984,108.22110748291016,Perimeter 1
16.06085777282715,108.21092224121094,Perimeter 1
16.060883,108.231583,Perimeter 2
16.060898,108.209297,Perimeter 1
16.060903549194336,108.22376251220705,Perimeter 1
16.060923,108.21138,Perimeter 1
16.060955,108.211639,Perimeter 1
16.0609828,108.1843872,Perimeter 1
16.06114,108.186041,Perimeter 1
16.061187,108.212021,Perimeter 1
16.0614514,108.1853607,Perimeter 1
16.061561584472656,108.19134521484376,Perimeter 1
16.061596,108.209129,Perimeter 1
16.061615,108.209198,Perimeter 1
16.0616291,108.1859298,Perimeter 1
16.061790466308594,108.20947265625,Perimeter 1
16.061917,108.210927,Perimeter 1
16.0619868,108.1837617,Perimeter 1
16.0622553,108.1844798,Perimeter 1
16.062294006347656,108.21025848388672,Perimeter 1
16.062532,108.209977,Perimeter 1
16.062622,108.1730189,Perimeter 1
16.062648,108.209036,Perimeter 1
16.06266212463379,108.19182586669922,Perimeter 1
16.062677,108.21196,Perimeter 1
16.0627413,108.1805479,Perimeter 1
16.062799,108.209508,Perimeter 1
16.062807,108.213989,Perimeter 1
16.063151,108.217167,Perimeter 1
16.06327,108.21063,Perimeter 1
16.063423,108.243988,Perimeter 2
16.063623428344727,108.21160125732422,Perimeter 1
16.063707,108.214172,Perimeter 1
16.06394,108.23185,Perimeter 2
16.064091,108.214226,Perimeter 1
16.0642295,108.2160473,Perimeter 1
16.0643883,108.2101132,Perimeter 1
16.064423,108.213722,Perimeter 1
16.064478,108.21431,Perimeter 1
16.064484,108.214272,Perimeter 1
16.064529,108.181082,Perimeter 1
16.0645482,108.1790123,Perimeter 1
16.064598083496094,108.21124267578124,Perimeter 1
16.064611,108.240637,Perimeter 2
16.0647079,108.1982881,Perimeter 1
16.064773,108.217628,Perimeter 1
16.064796,108.235035,Perimeter 2
16.064892,108.210449,Perimeter 1
16.06522,108.2209,Perimeter 1
16.0652957,108.2143532,Perimeter 1
16.0656108,108.2155454,Perimeter 1
16.06567,108.240331,Perimeter 2
16.065918,108.200386,Perimeter 1
16.06593,108.20764,Perimeter 1
16.065981,108.241725,Perimeter 2
16.065991,108.215649,Perimeter 1
16.06606101989746,108.19847106933594,Perimeter 1
16.066219,108.20858,Perimeter 1
16.066222,108.191776,Perimeter 1
16.066239,108.233083,Perimeter 2
16.066251,108.174651,Perimeter 1
16.066253662109375,108.1903305053711,Perimeter 1
16.066278,108.210194,Perimeter 1
16.066296,108.209007,Perimeter 1
16.06633,108.22178,Perimeter 1
16.0663742,108.2101012,Perimeter 1
16.066383361816406,108.2091064453125,Perimeter 1
16.0663964,108.2418612,Perimeter 2
16.0664283,108.2417632,Perimeter 2
16.066435,108.209442,Perimeter 1
16.066463470458984,108.23047637939452,Perimeter 2
16.066503524780273,108.2098388671875,Perimeter 1
16.066539764404297,108.19353485107422,Perimeter 1
16.06659,108.21015,Perimeter 1
16.06659,108.21025,Perimeter 1
16.066612,108.210938,Perimeter 1
16.0666125,108.2407729,Perimeter 2
16.066637,108.21093,Perimeter 1
16.066684,108.21798,Perimeter 1
16.066767,108.211655,Perimeter 1
16.066817,108.24181,Perimeter 2
16.066875,108.216579,Perimeter 1
16.0669593,108.2427448,Perimeter 2
16.066969,108.182337,Perimeter 1
16.067069,108.216025,Perimeter 1
16.067102,108.240104,Perimeter 2
16.067104,108.190697,Perimeter 1
16.067154,108.191948,Perimeter 1
16.067158,108.214932,Perimeter 1
16.067383,108.190872,Perimeter 1
16.067413330078125,108.20306044312882,Perimeter 1
16.067462921142578,108.1987075805664,Perimeter 1
16.067516,108.198708,Perimeter 1
16.067663,108.208321,Perimeter 1
16.0677286,108.2245453,Perimeter 1
16.067749,108.231316,Perimeter 2
16.06776,108.208389,Perimeter 1
16.067835,108.191582,Perimeter 1
16.06787,108.190525,Perimeter 1
16.06793212890625,108.20164489746094,Perimeter 1
16.067983627319336,108.21009826660156,Perimeter 1
16.06812,108.217469,Perimeter 1
16.068144,108.192096,Perimeter 1
16.0683,108.2003,Perimeter 1
16.068301,108.222814,Perimeter 1
16.068336486816406,108.19647979736328,Perimeter 1
16.068401336669922,108.19549560546876,Perimeter 1
16.06842,108.23056,Perimeter 2
16.068521,108.243938,Perimeter 2
16.06856,108.243546,Perimeter 2
16.06871,108.18756,Perimeter 1
16.06878,108.244562,Perimeter 2
16.068825,108.182802,Perimeter 1
16.068886,108.191795,Perimeter 1
16.068965911865234,108.17620849609376,Perimeter 1
16.0689697265625,108.21847447831269,Perimeter 1
16.06898,108.22403,Perimeter 1
16.06899,108.21003,Perimeter 1
16.069103,108.209142,Perimeter 1
16.069125,108.209719,Perimeter 1
16.06916,108.22393,Perimeter 1
16.069393,108.1822765,Perimeter 1
16.069610595703125,108.1837527012234,Perimeter 1
16.069692,108.211718,Perimeter 1
16.069799,108.181793,Perimeter 1
16.069851,108.184563,Perimeter 1
16.069937,108.209572,Perimeter 1
16.069961547851562,108.18603513407402,Perimeter 1
16.070124,108.188204,Perimeter 1
16.07019,108.186035,Perimeter 1
16.0701904296875,108.18600105835716,Perimeter 1
16.0702008,108.2016194,Perimeter 1
16.0702924,108.2150193,Perimeter 1
16.070394,108.233602,Perimeter 2
16.070747,108.185349,Perimeter 1
16.070804595947266,108.23304748535156,Perimeter 2
16.070853,108.209734,Perimeter 1
16.07093,108.195328,Perimeter 1
16.07097,108.22507,Perimeter 1
16.071087,108.185471,Perimeter 1
16.07131,108.22496,Perimeter 1
16.071486,108.21677,Perimeter 1
16.071605,108.224766,Perimeter 1
16.071714401245117,108.2131576538086,Perimeter 1
16.071878,108.205376,Perimeter 1
16.071918,108.182014,Perimeter 1
16.07212,108.22407,Perimeter 1
16.072173,108.172805,Perimeter 1
16.07278,108.22476,Perimeter 1
16.07329,108.21406,Perimeter 1
16.07354736328125,108.21392822265624,Perimeter 1
16.073595,108.177376,Perimeter 1
16.07384,108.22454,Perimeter 1
16.07442283630371,108.2387237548828,Perimeter 2
16.0746686,108.1748492,Perimeter 1
16.0747807,108.2221366,Perimeter 1
16.0751253,108.2222813,Perimeter 1
16.075137011267422,108.22260158673512,Perimeter 1
16.0751426,108.2221122,Perimeter 1
16.07534,108.22192,Perimeter 1
16.075698852539062,108.17541814699844,Perimeter 1
16.07596,108.22898,Perimeter 2
16.0765254,108.2208427,Perimeter 1
16.076690673828125,108.22277950792235,Perimeter 1
16.0770314,108.222796,Perimeter 1
16.07709,108.21957,Perimeter 1
16.0772,108.22335,Perimeter 1
16.077284,108.22284,Perimeter 1
16.0777845,108.1728525,Perimeter 1
16.07818603515625,108.21659674313096,Perimeter 1
16.0785429,108.2169934,Perimeter 1
16.078618,108.230382,Perimeter 2
16.07919,108.1664489,Perimeter 1
16.079642,108.228927,Perimeter 2
16.080028,108.215291,Perimeter 1
16.080167,108.21135,Perimeter 1
16.08072,108.21916,Perimeter 1
16.081241,108.215937,Perimeter 1
16.081343,108.212645,Perimeter 1
16.081799,108.216316,Perimeter 1
16.081826,108.215858,Perimeter 1
16.081945,108.231462,Perimeter 2
16.082005,108.242983,Perimeter 2
16.08229,108.242986,Perimeter 2
16.082367,108.217774,Perimeter 1
16.082909,108.218314,Perimeter 1
16.083554,108.244274,Perimeter 2
16.083629,108.216483,Perimeter 1
16.084385,108.219739,Perimeter 1
16.0846701,108.247703,Perimeter 2
16.085414,108.215902,Perimeter 1
16.085604,108.232527,Perimeter 2
16.086563110351562,108.2416000366211,Perimeter 2
16.086699,108.24102,Perimeter 2
16.086904525756836,108.24163055419922,Perimeter 2
16.08799,108.220936,Perimeter 1
16.0881,108.235225,Perimeter 2
16.088785,108.23548,Perimeter 2
16.089082717895508,108.23448181152344,Perimeter 2
16.089127,108.242416,Perimeter 2
16.0891998,108.2357128,Perimeter 2
16.0892524,108.2338406,Perimeter 2
16.089326,108.234291,Perimeter 2
16.089336,108.246574,Perimeter 2
16.08942,108.24408,Perimeter 2
16.08946,108.23209,Perimeter 2
16.089548,108.23556,Perimeter 2
16.089853,108.235348,Perimeter 2
16.089883,108.217052,Perimeter 1
16.089975,108.245887,Perimeter 2
16.090431,108.24279,Perimeter 2
16.090647,108.24308,Perimeter 2
16.090819,108.233977,Perimeter 2
16.09112,108.243134,Perimeter 2
16.091543,108.233201,Perimeter 2
16.091667,108.233385,Perimeter 2
16.091714,108.245848,Perimeter 2
16.09176,108.234887,Perimeter 2
16.091773,108.231031,Perimeter 2
16.092038,108.2325729,Perimeter 2
16.092179,108.230813,Perimeter 2
16.092804,108.234901,Perimeter 2
16.092826,108.231153,Perimeter 2
16.09291,108.234343,Perimeter 2
16.0929393,108.2310551,Perimeter 2
16.0929634,108.2331993,Perimeter 2
16.092989,108.23459,Perimeter 2
16.0931785,108.2334797,Perimeter 2
16.0933364,108.2308005,Perimeter 2
16.0938031,108.2341345,Perimeter 2
16.0942688,108.2342998,Perimeter 2
16.0944418,108.2337834,Perimeter 2
16.094848,108.228745,Perimeter 2
16.09583282470703,108.2244644165039,Perimeter 2
16.096544,108.249939,Perimeter 2
16.099363,108.249094,Perimeter 2
16.100317,108.250698,Perimeter 2
16.10037612915039,108.25141143798828,Perimeter 2
16.100403,108.253662,Perimeter 2
16.100696,108.250946,Perimeter 2
16.100855,108.254214,Perimeter 2
16.10248,108.250374,Perimeter 2
16.104256,108.254491,Perimeter 2
16.104448,108.253503,Perimeter 2
16.104589,108.251991,Perimeter 2
