station_name,type,dss_filename,dss_pathname
station_0000,DSS,D:\flood prediction\Data Collections\new DSSs\station_0000\wind_direction.dss,//station_0000/WIND-DIR/01Sep2022/1Hour/OBS/
station_0001,DSS,D:\flood prediction\Data Collections\new DSSs\station_0001\wind_direction.dss,//station_0001/WIND-DIR/01Sep2022/1Hour/OBS/
station_0002,DSS,D:\flood prediction\Data Collections\new DSSs\station_0002\wind_direction.dss,//station_0002/WIND-DIR/01Sep2022/1Hour/OBS/
station_0003,DSS,D:\flood prediction\Data Collections\new DSSs\station_0003\wind_direction.dss,//station_0003/WIND-DIR/01Sep2022/1Hour/OBS/
station_0004,DSS,D:\flood prediction\Data Collections\new DSSs\station_0004\wind_direction.dss,//station_0004/WIND-DIR/01Sep2022/1Hour/OBS/
station_0005,DSS,D:\flood prediction\Data Collections\new DSSs\station_0005\wind_direction.dss,//station_0005/WIND-DIR/01Sep2022/1Hour/OBS/
station_0006,DSS,D:\flood prediction\Data Collections\new DSSs\station_0006\wind_direction.dss,//station_0006/WIND-DIR/01Sep2022/1Hour/OBS/
station_0007,DSS,D:\flood prediction\Data Collections\new DSSs\station_0007\wind_direction.dss,//station_0007/WIND-DIR/01Sep2022/1Hour/OBS/
station_0008,DSS,D:\flood prediction\Data Collections\new DSSs\station_0008\wind_direction.dss,//station_0008/WIND-DIR/01Sep2022/1Hour/OBS/
station_0009,DSS,D:\flood prediction\Data Collections\new DSSs\station_0009\wind_direction.dss,//station_0009/WIND-DIR/01Sep2022/1Hour/OBS/
station_0010,DSS,D:\flood prediction\Data Collections\new DSSs\station_0010\wind_direction.dss,//station_0010/WIND-DIR/01Sep2022/1Hour/OBS/
station_0011,DSS,D:\flood prediction\Data Collections\new DSSs\station_0011\wind_direction.dss,//station_0011/WIND-DIR/01Sep2022/1Hour/OBS/
station_0012,DSS,D:\flood prediction\Data Collections\new DSSs\station_0012\wind_direction.dss,//station_0012/WIND-DIR/01Sep2022/1Hour/OBS/
station_0013,DSS,D:\flood prediction\Data Collections\new DSSs\station_0013\wind_direction.dss,//station_0013/WIND-DIR/01Sep2022/1Hour/OBS/
station_0014,DSS,D:\flood prediction\Data Collections\new DSSs\station_0014\wind_direction.dss,//station_0014/WIND-DIR/01Sep2022/1Hour/OBS/
station_0015,DSS,D:\flood prediction\Data Collections\new DSSs\station_0015\wind_direction.dss,//station_0015/WIND-DIR/01Sep2022/1Hour/OBS/
station_0016,DSS,D:\flood prediction\Data Collections\new DSSs\station_0016\wind_direction.dss,//station_0016/WIND-DIR/01Sep2022/1Hour/OBS/
station_0017,DSS,D:\flood prediction\Data Collections\new DSSs\station_0017\wind_direction.dss,//station_0017/WIND-DIR/01Sep2022/1Hour/OBS/
station_0018,DSS,D:\flood prediction\Data Collections\new DSSs\station_0018\wind_direction.dss,//station_0018/WIND-DIR/01Sep2022/1Hour/OBS/
station_0019,DSS,D:\flood prediction\Data Collections\new DSSs\station_0019\wind_direction.dss,//station_0019/WIND-DIR/01Sep2022/1Hour/OBS/
station_0020,DSS,D:\flood prediction\Data Collections\new DSSs\station_0020\wind_direction.dss,//station_0020/WIND-DIR/01Sep2022/1Hour/OBS/
station_0021,DSS,D:\flood prediction\Data Collections\new DSSs\station_0021\wind_direction.dss,//station_0021/WIND-DIR/01Sep2022/1Hour/OBS/
station_0022,DSS,D:\flood prediction\Data Collections\new DSSs\station_0022\wind_direction.dss,//station_0022/WIND-DIR/01Sep2022/1Hour/OBS/
station_0023,DSS,D:\flood prediction\Data Collections\new DSSs\station_0023\wind_direction.dss,//station_0023/WIND-DIR/01Sep2022/1Hour/OBS/
station_0024,DSS,D:\flood prediction\Data Collections\new DSSs\station_0024\wind_direction.dss,//station_0024/WIND-DIR/01Sep2022/1Hour/OBS/
station_0025,DSS,D:\flood prediction\Data Collections\new DSSs\station_0025\wind_direction.dss,//station_0025/WIND-DIR/01Sep2022/1Hour/OBS/
station_0026,DSS,D:\flood prediction\Data Collections\new DSSs\station_0026\wind_direction.dss,//station_0026/WIND-DIR/01Sep2022/1Hour/OBS/
station_0027,DSS,D:\flood prediction\Data Collections\new DSSs\station_0027\wind_direction.dss,//station_0027/WIND-DIR/01Sep2022/1Hour/OBS/
station_0028,DSS,D:\flood prediction\Data Collections\new DSSs\station_0028\wind_direction.dss,//station_0028/WIND-DIR/01Sep2022/1Hour/OBS/
station_0029,DSS,D:\flood prediction\Data Collections\new DSSs\station_0029\wind_direction.dss,//station_0029/WIND-DIR/01Sep2022/1Hour/OBS/
station_0030,DSS,D:\flood prediction\Data Collections\new DSSs\station_0030\wind_direction.dss,//station_0030/WIND-DIR/01Sep2022/1Hour/OBS/
station_0031,DSS,D:\flood prediction\Data Collections\new DSSs\station_0031\wind_direction.dss,//station_0031/WIND-DIR/01Sep2022/1Hour/OBS/
station_0032,DSS,D:\flood prediction\Data Collections\new DSSs\station_0032\wind_direction.dss,//station_0032/WIND-DIR/01Sep2022/1Hour/OBS/
station_0033,DSS,D:\flood prediction\Data Collections\new DSSs\station_0033\wind_direction.dss,//station_0033/WIND-DIR/01Sep2022/1Hour/OBS/
station_0034,DSS,D:\flood prediction\Data Collections\new DSSs\station_0034\wind_direction.dss,//station_0034/WIND-DIR/01Sep2022/1Hour/OBS/
station_0035,DSS,D:\flood prediction\Data Collections\new DSSs\station_0035\wind_direction.dss,//station_0035/WIND-DIR/01Sep2022/1Hour/OBS/
station_0036,DSS,D:\flood prediction\Data Collections\new DSSs\station_0036\wind_direction.dss,//station_0036/WIND-DIR/01Sep2022/1Hour/OBS/
station_0037,DSS,D:\flood prediction\Data Collections\new DSSs\station_0037\wind_direction.dss,//station_0037/WIND-DIR/01Sep2022/1Hour/OBS/
station_0038,DSS,D:\flood prediction\Data Collections\new DSSs\station_0038\wind_direction.dss,//station_0038/WIND-DIR/01Sep2022/1Hour/OBS/
station_0039,DSS,D:\flood prediction\Data Collections\new DSSs\station_0039\wind_direction.dss,//station_0039/WIND-DIR/01Sep2022/1Hour/OBS/
station_0040,DSS,D:\flood prediction\Data Collections\new DSSs\station_0040\wind_direction.dss,//station_0040/WIND-DIR/01Sep2022/1Hour/OBS/
station_0041,DSS,D:\flood prediction\Data Collections\new DSSs\station_0041\wind_direction.dss,//station_0041/WIND-DIR/01Sep2022/1Hour/OBS/
station_0042,DSS,D:\flood prediction\Data Collections\new DSSs\station_0042\wind_direction.dss,//station_0042/WIND-DIR/01Sep2022/1Hour/OBS/
station_0043,DSS,D:\flood prediction\Data Collections\new DSSs\station_0043\wind_direction.dss,//station_0043/WIND-DIR/01Sep2022/1Hour/OBS/
station_0044,DSS,D:\flood prediction\Data Collections\new DSSs\station_0044\wind_direction.dss,//station_0044/WIND-DIR/01Sep2022/1Hour/OBS/
station_0045,DSS,D:\flood prediction\Data Collections\new DSSs\station_0045\wind_direction.dss,//station_0045/WIND-DIR/01Sep2022/1Hour/OBS/
station_0046,DSS,D:\flood prediction\Data Collections\new DSSs\station_0046\wind_direction.dss,//station_0046/WIND-DIR/01Sep2022/1Hour/OBS/
station_0047,DSS,D:\flood prediction\Data Collections\new DSSs\station_0047\wind_direction.dss,//station_0047/WIND-DIR/01Sep2022/1Hour/OBS/
station_0048,DSS,D:\flood prediction\Data Collections\new DSSs\station_0048\wind_direction.dss,//station_0048/WIND-DIR/01Sep2022/1Hour/OBS/
station_0049,DSS,D:\flood prediction\Data Collections\new DSSs\station_0049\wind_direction.dss,//station_0049/WIND-DIR/01Sep2022/1Hour/OBS/
station_0050,DSS,D:\flood prediction\Data Collections\new DSSs\station_0050\wind_direction.dss,//station_0050/WIND-DIR/01Sep2022/1Hour/OBS/
station_0051,DSS,D:\flood prediction\Data Collections\new DSSs\station_0051\wind_direction.dss,//station_0051/WIND-DIR/01Sep2022/1Hour/OBS/
station_0052,DSS,D:\flood prediction\Data Collections\new DSSs\station_0052\wind_direction.dss,//station_0052/WIND-DIR/01Sep2022/1Hour/OBS/
station_0053,DSS,D:\flood prediction\Data Collections\new DSSs\station_0053\wind_direction.dss,//station_0053/WIND-DIR/01Sep2022/1Hour/OBS/
station_0054,DSS,D:\flood prediction\Data Collections\new DSSs\station_0054\wind_direction.dss,//station_0054/WIND-DIR/01Sep2022/1Hour/OBS/
station_0055,DSS,D:\flood prediction\Data Collections\new DSSs\station_0055\wind_direction.dss,//station_0055/WIND-DIR/01Sep2022/1Hour/OBS/
station_0056,DSS,D:\flood prediction\Data Collections\new DSSs\station_0056\wind_direction.dss,//station_0056/WIND-DIR/01Sep2022/1Hour/OBS/
station_0057,DSS,D:\flood prediction\Data Collections\new DSSs\station_0057\wind_direction.dss,//station_0057/WIND-DIR/01Sep2022/1Hour/OBS/
station_0058,DSS,D:\flood prediction\Data Collections\new DSSs\station_0058\wind_direction.dss,//station_0058/WIND-DIR/01Sep2022/1Hour/OBS/
station_0059,DSS,D:\flood prediction\Data Collections\new DSSs\station_0059\wind_direction.dss,//station_0059/WIND-DIR/01Sep2022/1Hour/OBS/
station_0060,DSS,D:\flood prediction\Data Collections\new DSSs\station_0060\wind_direction.dss,//station_0060/WIND-DIR/01Sep2022/1Hour/OBS/
station_0061,DSS,D:\flood prediction\Data Collections\new DSSs\station_0061\wind_direction.dss,//station_0061/WIND-DIR/01Sep2022/1Hour/OBS/
station_0062,DSS,D:\flood prediction\Data Collections\new DSSs\station_0062\wind_direction.dss,//station_0062/WIND-DIR/01Sep2022/1Hour/OBS/
station_0063,DSS,D:\flood prediction\Data Collections\new DSSs\station_0063\wind_direction.dss,//station_0063/WIND-DIR/01Sep2022/1Hour/OBS/
station_0064,DSS,D:\flood prediction\Data Collections\new DSSs\station_0064\wind_direction.dss,//station_0064/WIND-DIR/01Sep2022/1Hour/OBS/
station_0065,DSS,D:\flood prediction\Data Collections\new DSSs\station_0065\wind_direction.dss,//station_0065/WIND-DIR/01Sep2022/1Hour/OBS/
station_0066,DSS,D:\flood prediction\Data Collections\new DSSs\station_0066\wind_direction.dss,//station_0066/WIND-DIR/01Sep2022/1Hour/OBS/
station_0067,DSS,D:\flood prediction\Data Collections\new DSSs\station_0067\wind_direction.dss,//station_0067/WIND-DIR/01Sep2022/1Hour/OBS/
station_0068,DSS,D:\flood prediction\Data Collections\new DSSs\station_0068\wind_direction.dss,//station_0068/WIND-DIR/01Sep2022/1Hour/OBS/
station_0069,DSS,D:\flood prediction\Data Collections\new DSSs\station_0069\wind_direction.dss,//station_0069/WIND-DIR/01Sep2022/1Hour/OBS/
station_0070,DSS,D:\flood prediction\Data Collections\new DSSs\station_0070\wind_direction.dss,//station_0070/WIND-DIR/01Sep2022/1Hour/OBS/
station_0071,DSS,D:\flood prediction\Data Collections\new DSSs\station_0071\wind_direction.dss,//station_0071/WIND-DIR/01Sep2022/1Hour/OBS/
station_0072,DSS,D:\flood prediction\Data Collections\new DSSs\station_0072\wind_direction.dss,//station_0072/WIND-DIR/01Sep2022/1Hour/OBS/
station_0073,DSS,D:\flood prediction\Data Collections\new DSSs\station_0073\wind_direction.dss,//station_0073/WIND-DIR/01Sep2022/1Hour/OBS/
station_0074,DSS,D:\flood prediction\Data Collections\new DSSs\station_0074\wind_direction.dss,//station_0074/WIND-DIR/01Sep2022/1Hour/OBS/
station_0075,DSS,D:\flood prediction\Data Collections\new DSSs\station_0075\wind_direction.dss,//station_0075/WIND-DIR/01Sep2022/1Hour/OBS/
station_0076,DSS,D:\flood prediction\Data Collections\new DSSs\station_0076\wind_direction.dss,//station_0076/WIND-DIR/01Sep2022/1Hour/OBS/
station_0077,DSS,D:\flood prediction\Data Collections\new DSSs\station_0077\wind_direction.dss,//station_0077/WIND-DIR/01Sep2022/1Hour/OBS/
station_0078,DSS,D:\flood prediction\Data Collections\new DSSs\station_0078\wind_direction.dss,//station_0078/WIND-DIR/01Sep2022/1Hour/OBS/
station_0079,DSS,D:\flood prediction\Data Collections\new DSSs\station_0079\wind_direction.dss,//station_0079/WIND-DIR/01Sep2022/1Hour/OBS/
station_0080,DSS,D:\flood prediction\Data Collections\new DSSs\station_0080\wind_direction.dss,//station_0080/WIND-DIR/01Sep2022/1Hour/OBS/
station_0081,DSS,D:\flood prediction\Data Collections\new DSSs\station_0081\wind_direction.dss,//station_0081/WIND-DIR/01Sep2022/1Hour/OBS/
station_0082,DSS,D:\flood prediction\Data Collections\new DSSs\station_0082\wind_direction.dss,//station_0082/WIND-DIR/01Sep2022/1Hour/OBS/
station_0083,DSS,D:\flood prediction\Data Collections\new DSSs\station_0083\wind_direction.dss,//station_0083/WIND-DIR/01Sep2022/1Hour/OBS/
station_0084,DSS,D:\flood prediction\Data Collections\new DSSs\station_0084\wind_direction.dss,//station_0084/WIND-DIR/01Sep2022/1Hour/OBS/
station_0085,DSS,D:\flood prediction\Data Collections\new DSSs\station_0085\wind_direction.dss,//station_0085/WIND-DIR/01Sep2022/1Hour/OBS/
station_0086,DSS,D:\flood prediction\Data Collections\new DSSs\station_0086\wind_direction.dss,//station_0086/WIND-DIR/01Sep2022/1Hour/OBS/
station_0087,DSS,D:\flood prediction\Data Collections\new DSSs\station_0087\wind_direction.dss,//station_0087/WIND-DIR/01Sep2022/1Hour/OBS/
station_0088,DSS,D:\flood prediction\Data Collections\new DSSs\station_0088\wind_direction.dss,//station_0088/WIND-DIR/01Sep2022/1Hour/OBS/
station_0089,DSS,D:\flood prediction\Data Collections\new DSSs\station_0089\wind_direction.dss,//station_0089/WIND-DIR/01Sep2022/1Hour/OBS/
station_0090,DSS,D:\flood prediction\Data Collections\new DSSs\station_0090\wind_direction.dss,//station_0090/WIND-DIR/01Sep2022/1Hour/OBS/
station_0091,DSS,D:\flood prediction\Data Collections\new DSSs\station_0091\wind_direction.dss,//station_0091/WIND-DIR/01Sep2022/1Hour/OBS/
station_0092,DSS,D:\flood prediction\Data Collections\new DSSs\station_0092\wind_direction.dss,//station_0092/WIND-DIR/01Sep2022/1Hour/OBS/
station_0093,DSS,D:\flood prediction\Data Collections\new DSSs\station_0093\wind_direction.dss,//station_0093/WIND-DIR/01Sep2022/1Hour/OBS/
station_0094,DSS,D:\flood prediction\Data Collections\new DSSs\station_0094\wind_direction.dss,//station_0094/WIND-DIR/01Sep2022/1Hour/OBS/
station_0095,DSS,D:\flood prediction\Data Collections\new DSSs\station_0095\wind_direction.dss,//station_0095/WIND-DIR/01Sep2022/1Hour/OBS/
station_0096,DSS,D:\flood prediction\Data Collections\new DSSs\station_0096\wind_direction.dss,//station_0096/WIND-DIR/01Sep2022/1Hour/OBS/
station_0097,DSS,D:\flood prediction\Data Collections\new DSSs\station_0097\wind_direction.dss,//station_0097/WIND-DIR/01Sep2022/1Hour/OBS/
station_0098,DSS,D:\flood prediction\Data Collections\new DSSs\station_0098\wind_direction.dss,//station_0098/WIND-DIR/01Sep2022/1Hour/OBS/
station_0099,DSS,D:\flood prediction\Data Collections\new DSSs\station_0099\wind_direction.dss,//station_0099/WIND-DIR/01Sep2022/1Hour/OBS/
station_0100,DSS,D:\flood prediction\Data Collections\new DSSs\station_0100\wind_direction.dss,//station_0100/WIND-DIR/01Sep2022/1Hour/OBS/
station_0101,DSS,D:\flood prediction\Data Collections\new DSSs\station_0101\wind_direction.dss,//station_0101/WIND-DIR/01Sep2022/1Hour/OBS/
station_0102,DSS,D:\flood prediction\Data Collections\new DSSs\station_0102\wind_direction.dss,//station_0102/WIND-DIR/01Sep2022/1Hour/OBS/
station_0103,DSS,D:\flood prediction\Data Collections\new DSSs\station_0103\wind_direction.dss,//station_0103/WIND-DIR/01Sep2022/1Hour/OBS/
station_0104,DSS,D:\flood prediction\Data Collections\new DSSs\station_0104\wind_direction.dss,//station_0104/WIND-DIR/01Sep2022/1Hour/OBS/
station_0105,DSS,D:\flood prediction\Data Collections\new DSSs\station_0105\wind_direction.dss,//station_0105/WIND-DIR/01Sep2022/1Hour/OBS/
station_0106,DSS,D:\flood prediction\Data Collections\new DSSs\station_0106\wind_direction.dss,//station_0106/WIND-DIR/01Sep2022/1Hour/OBS/
station_0107,DSS,D:\flood prediction\Data Collections\new DSSs\station_0107\wind_direction.dss,//station_0107/WIND-DIR/01Sep2022/1Hour/OBS/
station_0108,DSS,D:\flood prediction\Data Collections\new DSSs\station_0108\wind_direction.dss,//station_0108/WIND-DIR/01Sep2022/1Hour/OBS/
station_0109,DSS,D:\flood prediction\Data Collections\new DSSs\station_0109\wind_direction.dss,//station_0109/WIND-DIR/01Sep2022/1Hour/OBS/
station_0110,DSS,D:\flood prediction\Data Collections\new DSSs\station_0110\wind_direction.dss,//station_0110/WIND-DIR/01Sep2022/1Hour/OBS/
station_0111,DSS,D:\flood prediction\Data Collections\new DSSs\station_0111\wind_direction.dss,//station_0111/WIND-DIR/01Sep2022/1Hour/OBS/
station_0112,DSS,D:\flood prediction\Data Collections\new DSSs\station_0112\wind_direction.dss,//station_0112/WIND-DIR/01Sep2022/1Hour/OBS/
station_0113,DSS,D:\flood prediction\Data Collections\new DSSs\station_0113\wind_direction.dss,//station_0113/WIND-DIR/01Sep2022/1Hour/OBS/
station_0114,DSS,D:\flood prediction\Data Collections\new DSSs\station_0114\wind_direction.dss,//station_0114/WIND-DIR/01Sep2022/1Hour/OBS/
station_0115,DSS,D:\flood prediction\Data Collections\new DSSs\station_0115\wind_direction.dss,//station_0115/WIND-DIR/01Sep2022/1Hour/OBS/
station_0116,DSS,D:\flood prediction\Data Collections\new DSSs\station_0116\wind_direction.dss,//station_0116/WIND-DIR/01Sep2022/1Hour/OBS/
station_0117,DSS,D:\flood prediction\Data Collections\new DSSs\station_0117\wind_direction.dss,//station_0117/WIND-DIR/01Sep2022/1Hour/OBS/
station_0118,DSS,D:\flood prediction\Data Collections\new DSSs\station_0118\wind_direction.dss,//station_0118/WIND-DIR/01Sep2022/1Hour/OBS/
station_0119,DSS,D:\flood prediction\Data Collections\new DSSs\station_0119\wind_direction.dss,//station_0119/WIND-DIR/01Sep2022/1Hour/OBS/
station_0120,DSS,D:\flood prediction\Data Collections\new DSSs\station_0120\wind_direction.dss,//station_0120/WIND-DIR/01Sep2022/1Hour/OBS/
station_0121,DSS,D:\flood prediction\Data Collections\new DSSs\station_0121\wind_direction.dss,//station_0121/WIND-DIR/01Sep2022/1Hour/OBS/
station_0122,DSS,D:\flood prediction\Data Collections\new DSSs\station_0122\wind_direction.dss,//station_0122/WIND-DIR/01Sep2022/1Hour/OBS/
station_0123,DSS,D:\flood prediction\Data Collections\new DSSs\station_0123\wind_direction.dss,//station_0123/WIND-DIR/01Sep2022/1Hour/OBS/
station_0124,DSS,D:\flood prediction\Data Collections\new DSSs\station_0124\wind_direction.dss,//station_0124/WIND-DIR/01Sep2022/1Hour/OBS/
station_0125,DSS,D:\flood prediction\Data Collections\new DSSs\station_0125\wind_direction.dss,//station_0125/WIND-DIR/01Sep2022/1Hour/OBS/
station_0126,DSS,D:\flood prediction\Data Collections\new DSSs\station_0126\wind_direction.dss,//station_0126/WIND-DIR/01Sep2022/1Hour/OBS/
station_0127,DSS,D:\flood prediction\Data Collections\new DSSs\station_0127\wind_direction.dss,//station_0127/WIND-DIR/01Sep2022/1Hour/OBS/
station_0128,DSS,D:\flood prediction\Data Collections\new DSSs\station_0128\wind_direction.dss,//station_0128/WIND-DIR/01Sep2022/1Hour/OBS/
station_0129,DSS,D:\flood prediction\Data Collections\new DSSs\station_0129\wind_direction.dss,//station_0129/WIND-DIR/01Sep2022/1Hour/OBS/
station_0130,DSS,D:\flood prediction\Data Collections\new DSSs\station_0130\wind_direction.dss,//station_0130/WIND-DIR/01Sep2022/1Hour/OBS/
station_0131,DSS,D:\flood prediction\Data Collections\new DSSs\station_0131\wind_direction.dss,//station_0131/WIND-DIR/01Sep2022/1Hour/OBS/
station_0132,DSS,D:\flood prediction\Data Collections\new DSSs\station_0132\wind_direction.dss,//station_0132/WIND-DIR/01Sep2022/1Hour/OBS/
station_0133,DSS,D:\flood prediction\Data Collections\new DSSs\station_0133\wind_direction.dss,//station_0133/WIND-DIR/01Sep2022/1Hour/OBS/
station_0134,DSS,D:\flood prediction\Data Collections\new DSSs\station_0134\wind_direction.dss,//station_0134/WIND-DIR/01Sep2022/1Hour/OBS/
station_0135,DSS,D:\flood prediction\Data Collections\new DSSs\station_0135\wind_direction.dss,//station_0135/WIND-DIR/01Sep2022/1Hour/OBS/
station_0136,DSS,D:\flood prediction\Data Collections\new DSSs\station_0136\wind_direction.dss,//station_0136/WIND-DIR/01Sep2022/1Hour/OBS/
station_0137,DSS,D:\flood prediction\Data Collections\new DSSs\station_0137\wind_direction.dss,//station_0137/WIND-DIR/01Sep2022/1Hour/OBS/
station_0138,DSS,D:\flood prediction\Data Collections\new DSSs\station_0138\wind_direction.dss,//station_0138/WIND-DIR/01Sep2022/1Hour/OBS/
station_0139,DSS,D:\flood prediction\Data Collections\new DSSs\station_0139\wind_direction.dss,//station_0139/WIND-DIR/01Sep2022/1Hour/OBS/
station_0140,DSS,D:\flood prediction\Data Collections\new DSSs\station_0140\wind_direction.dss,//station_0140/WIND-DIR/01Sep2022/1Hour/OBS/
station_0141,DSS,D:\flood prediction\Data Collections\new DSSs\station_0141\wind_direction.dss,//station_0141/WIND-DIR/01Sep2022/1Hour/OBS/
station_0142,DSS,D:\flood prediction\Data Collections\new DSSs\station_0142\wind_direction.dss,//station_0142/WIND-DIR/01Sep2022/1Hour/OBS/
station_0143,DSS,D:\flood prediction\Data Collections\new DSSs\station_0143\wind_direction.dss,//station_0143/WIND-DIR/01Sep2022/1Hour/OBS/
station_0144,DSS,D:\flood prediction\Data Collections\new DSSs\station_0144\wind_direction.dss,//station_0144/WIND-DIR/01Sep2022/1Hour/OBS/
station_0145,DSS,D:\flood prediction\Data Collections\new DSSs\station_0145\wind_direction.dss,//station_0145/WIND-DIR/01Sep2022/1Hour/OBS/
station_0146,DSS,D:\flood prediction\Data Collections\new DSSs\station_0146\wind_direction.dss,//station_0146/WIND-DIR/01Sep2022/1Hour/OBS/
station_0147,DSS,D:\flood prediction\Data Collections\new DSSs\station_0147\wind_direction.dss,//station_0147/WIND-DIR/01Sep2022/1Hour/OBS/
station_0148,DSS,D:\flood prediction\Data Collections\new DSSs\station_0148\wind_direction.dss,//station_0148/WIND-DIR/01Sep2022/1Hour/OBS/
station_0149,DSS,D:\flood prediction\Data Collections\new DSSs\station_0149\wind_direction.dss,//station_0149/WIND-DIR/01Sep2022/1Hour/OBS/
station_0150,DSS,D:\flood prediction\Data Collections\new DSSs\station_0150\wind_direction.dss,//station_0150/WIND-DIR/01Sep2022/1Hour/OBS/
station_0151,DSS,D:\flood prediction\Data Collections\new DSSs\station_0151\wind_direction.dss,//station_0151/WIND-DIR/01Sep2022/1Hour/OBS/
station_0152,DSS,D:\flood prediction\Data Collections\new DSSs\station_0152\wind_direction.dss,//station_0152/WIND-DIR/01Sep2022/1Hour/OBS/
station_0153,DSS,D:\flood prediction\Data Collections\new DSSs\station_0153\wind_direction.dss,//station_0153/WIND-DIR/01Sep2022/1Hour/OBS/
station_0154,DSS,D:\flood prediction\Data Collections\new DSSs\station_0154\wind_direction.dss,//station_0154/WIND-DIR/01Sep2022/1Hour/OBS/
station_0155,DSS,D:\flood prediction\Data Collections\new DSSs\station_0155\wind_direction.dss,//station_0155/WIND-DIR/01Sep2022/1Hour/OBS/
station_0156,DSS,D:\flood prediction\Data Collections\new DSSs\station_0156\wind_direction.dss,//station_0156/WIND-DIR/01Sep2022/1Hour/OBS/
station_0157,DSS,D:\flood prediction\Data Collections\new DSSs\station_0157\wind_direction.dss,//station_0157/WIND-DIR/01Sep2022/1Hour/OBS/
station_0158,DSS,D:\flood prediction\Data Collections\new DSSs\station_0158\wind_direction.dss,//station_0158/WIND-DIR/01Sep2022/1Hour/OBS/
station_0159,DSS,D:\flood prediction\Data Collections\new DSSs\station_0159\wind_direction.dss,//station_0159/WIND-DIR/01Sep2022/1Hour/OBS/
station_0160,DSS,D:\flood prediction\Data Collections\new DSSs\station_0160\wind_direction.dss,//station_0160/WIND-DIR/01Sep2022/1Hour/OBS/
station_0161,DSS,D:\flood prediction\Data Collections\new DSSs\station_0161\wind_direction.dss,//station_0161/WIND-DIR/01Sep2022/1Hour/OBS/
station_0162,DSS,D:\flood prediction\Data Collections\new DSSs\station_0162\wind_direction.dss,//station_0162/WIND-DIR/01Sep2022/1Hour/OBS/
station_0163,DSS,D:\flood prediction\Data Collections\new DSSs\station_0163\wind_direction.dss,//station_0163/WIND-DIR/01Sep2022/1Hour/OBS/
station_0164,DSS,D:\flood prediction\Data Collections\new DSSs\station_0164\wind_direction.dss,//station_0164/WIND-DIR/01Sep2022/1Hour/OBS/
station_0165,DSS,D:\flood prediction\Data Collections\new DSSs\station_0165\wind_direction.dss,//station_0165/WIND-DIR/01Sep2022/1Hour/OBS/
station_0166,DSS,D:\flood prediction\Data Collections\new DSSs\station_0166\wind_direction.dss,//station_0166/WIND-DIR/01Sep2022/1Hour/OBS/
station_0167,DSS,D:\flood prediction\Data Collections\new DSSs\station_0167\wind_direction.dss,//station_0167/WIND-DIR/01Sep2022/1Hour/OBS/
station_0168,DSS,D:\flood prediction\Data Collections\new DSSs\station_0168\wind_direction.dss,//station_0168/WIND-DIR/01Sep2022/1Hour/OBS/
station_0169,DSS,D:\flood prediction\Data Collections\new DSSs\station_0169\wind_direction.dss,//station_0169/WIND-DIR/01Sep2022/1Hour/OBS/
station_0170,DSS,D:\flood prediction\Data Collections\new DSSs\station_0170\wind_direction.dss,//station_0170/WIND-DIR/01Sep2022/1Hour/OBS/
station_0171,DSS,D:\flood prediction\Data Collections\new DSSs\station_0171\wind_direction.dss,//station_0171/WIND-DIR/01Sep2022/1Hour/OBS/
station_0172,DSS,D:\flood prediction\Data Collections\new DSSs\station_0172\wind_direction.dss,//station_0172/WIND-DIR/01Sep2022/1Hour/OBS/
station_0173,DSS,D:\flood prediction\Data Collections\new DSSs\station_0173\wind_direction.dss,//station_0173/WIND-DIR/01Sep2022/1Hour/OBS/
station_0174,DSS,D:\flood prediction\Data Collections\new DSSs\station_0174\wind_direction.dss,//station_0174/WIND-DIR/01Sep2022/1Hour/OBS/
station_0175,DSS,D:\flood prediction\Data Collections\new DSSs\station_0175\wind_direction.dss,//station_0175/WIND-DIR/01Sep2022/1Hour/OBS/
station_0176,DSS,D:\flood prediction\Data Collections\new DSSs\station_0176\wind_direction.dss,//station_0176/WIND-DIR/01Sep2022/1Hour/OBS/
station_0177,DSS,D:\flood prediction\Data Collections\new DSSs\station_0177\wind_direction.dss,//station_0177/WIND-DIR/01Sep2022/1Hour/OBS/
station_0178,DSS,D:\flood prediction\Data Collections\new DSSs\station_0178\wind_direction.dss,//station_0178/WIND-DIR/01Sep2022/1Hour/OBS/
station_0179,DSS,D:\flood prediction\Data Collections\new DSSs\station_0179\wind_direction.dss,//station_0179/WIND-DIR/01Sep2022/1Hour/OBS/
station_0180,DSS,D:\flood prediction\Data Collections\new DSSs\station_0180\wind_direction.dss,//station_0180/WIND-DIR/01Sep2022/1Hour/OBS/
station_0181,DSS,D:\flood prediction\Data Collections\new DSSs\station_0181\wind_direction.dss,//station_0181/WIND-DIR/01Sep2022/1Hour/OBS/
station_0182,DSS,D:\flood prediction\Data Collections\new DSSs\station_0182\wind_direction.dss,//station_0182/WIND-DIR/01Sep2022/1Hour/OBS/
station_0183,DSS,D:\flood prediction\Data Collections\new DSSs\station_0183\wind_direction.dss,//station_0183/WIND-DIR/01Sep2022/1Hour/OBS/
station_0184,DSS,D:\flood prediction\Data Collections\new DSSs\station_0184\wind_direction.dss,//station_0184/WIND-DIR/01Sep2022/1Hour/OBS/
station_0185,DSS,D:\flood prediction\Data Collections\new DSSs\station_0185\wind_direction.dss,//station_0185/WIND-DIR/01Sep2022/1Hour/OBS/
station_0186,DSS,D:\flood prediction\Data Collections\new DSSs\station_0186\wind_direction.dss,//station_0186/WIND-DIR/01Sep2022/1Hour/OBS/
station_0187,DSS,D:\flood prediction\Data Collections\new DSSs\station_0187\wind_direction.dss,//station_0187/WIND-DIR/01Sep2022/1Hour/OBS/
station_0188,DSS,D:\flood prediction\Data Collections\new DSSs\station_0188\wind_direction.dss,//station_0188/WIND-DIR/01Sep2022/1Hour/OBS/
station_0189,DSS,D:\flood prediction\Data Collections\new DSSs\station_0189\wind_direction.dss,//station_0189/WIND-DIR/01Sep2022/1Hour/OBS/
station_0190,DSS,D:\flood prediction\Data Collections\new DSSs\station_0190\wind_direction.dss,//station_0190/WIND-DIR/01Sep2022/1Hour/OBS/
station_0191,DSS,D:\flood prediction\Data Collections\new DSSs\station_0191\wind_direction.dss,//station_0191/WIND-DIR/01Sep2022/1Hour/OBS/
station_0192,DSS,D:\flood prediction\Data Collections\new DSSs\station_0192\wind_direction.dss,//station_0192/WIND-DIR/01Sep2022/1Hour/OBS/
station_0193,DSS,D:\flood prediction\Data Collections\new DSSs\station_0193\wind_direction.dss,//station_0193/WIND-DIR/01Sep2022/1Hour/OBS/
station_0194,DSS,D:\flood prediction\Data Collections\new DSSs\station_0194\wind_direction.dss,//station_0194/WIND-DIR/01Sep2022/1Hour/OBS/
station_0195,DSS,D:\flood prediction\Data Collections\new DSSs\station_0195\wind_direction.dss,//station_0195/WIND-DIR/01Sep2022/1Hour/OBS/
station_0196,DSS,D:\flood prediction\Data Collections\new DSSs\station_0196\wind_direction.dss,//station_0196/WIND-DIR/01Sep2022/1Hour/OBS/
station_0197,DSS,D:\flood prediction\Data Collections\new DSSs\station_0197\wind_direction.dss,//station_0197/WIND-DIR/01Sep2022/1Hour/OBS/
station_0198,DSS,D:\flood prediction\Data Collections\new DSSs\station_0198\wind_direction.dss,//station_0198/WIND-DIR/01Sep2022/1Hour/OBS/
station_0199,DSS,D:\flood prediction\Data Collections\new DSSs\station_0199\wind_direction.dss,//station_0199/WIND-DIR/01Sep2022/1Hour/OBS/
station_0200,DSS,D:\flood prediction\Data Collections\new DSSs\station_0200\wind_direction.dss,//station_0200/WIND-DIR/01Sep2022/1Hour/OBS/
station_0201,DSS,D:\flood prediction\Data Collections\new DSSs\station_0201\wind_direction.dss,//station_0201/WIND-DIR/01Sep2022/1Hour/OBS/
station_0202,DSS,D:\flood prediction\Data Collections\new DSSs\station_0202\wind_direction.dss,//station_0202/WIND-DIR/01Sep2022/1Hour/OBS/
station_0203,DSS,D:\flood prediction\Data Collections\new DSSs\station_0203\wind_direction.dss,//station_0203/WIND-DIR/01Sep2022/1Hour/OBS/
station_0204,DSS,D:\flood prediction\Data Collections\new DSSs\station_0204\wind_direction.dss,//station_0204/WIND-DIR/01Sep2022/1Hour/OBS/
station_0205,DSS,D:\flood prediction\Data Collections\new DSSs\station_0205\wind_direction.dss,//station_0205/WIND-DIR/01Sep2022/1Hour/OBS/
station_0206,DSS,D:\flood prediction\Data Collections\new DSSs\station_0206\wind_direction.dss,//station_0206/WIND-DIR/01Sep2022/1Hour/OBS/
station_0207,DSS,D:\flood prediction\Data Collections\new DSSs\station_0207\wind_direction.dss,//station_0207/WIND-DIR/01Sep2022/1Hour/OBS/
station_0208,DSS,D:\flood prediction\Data Collections\new DSSs\station_0208\wind_direction.dss,//station_0208/WIND-DIR/01Sep2022/1Hour/OBS/
station_0209,DSS,D:\flood prediction\Data Collections\new DSSs\station_0209\wind_direction.dss,//station_0209/WIND-DIR/01Sep2022/1Hour/OBS/
station_0210,DSS,D:\flood prediction\Data Collections\new DSSs\station_0210\wind_direction.dss,//station_0210/WIND-DIR/01Sep2022/1Hour/OBS/
station_0211,DSS,D:\flood prediction\Data Collections\new DSSs\station_0211\wind_direction.dss,//station_0211/WIND-DIR/01Sep2022/1Hour/OBS/
station_0212,DSS,D:\flood prediction\Data Collections\new DSSs\station_0212\wind_direction.dss,//station_0212/WIND-DIR/01Sep2022/1Hour/OBS/
station_0213,DSS,D:\flood prediction\Data Collections\new DSSs\station_0213\wind_direction.dss,//station_0213/WIND-DIR/01Sep2022/1Hour/OBS/
station_0214,DSS,D:\flood prediction\Data Collections\new DSSs\station_0214\wind_direction.dss,//station_0214/WIND-DIR/01Sep2022/1Hour/OBS/
station_0215,DSS,D:\flood prediction\Data Collections\new DSSs\station_0215\wind_direction.dss,//station_0215/WIND-DIR/01Sep2022/1Hour/OBS/
station_0216,DSS,D:\flood prediction\Data Collections\new DSSs\station_0216\wind_direction.dss,//station_0216/WIND-DIR/01Sep2022/1Hour/OBS/
station_0217,DSS,D:\flood prediction\Data Collections\new DSSs\station_0217\wind_direction.dss,//station_0217/WIND-DIR/01Sep2022/1Hour/OBS/
station_0218,DSS,D:\flood prediction\Data Collections\new DSSs\station_0218\wind_direction.dss,//station_0218/WIND-DIR/01Sep2022/1Hour/OBS/
station_0219,DSS,D:\flood prediction\Data Collections\new DSSs\station_0219\wind_direction.dss,//station_0219/WIND-DIR/01Sep2022/1Hour/OBS/
station_0220,DSS,D:\flood prediction\Data Collections\new DSSs\station_0220\wind_direction.dss,//station_0220/WIND-DIR/01Sep2022/1Hour/OBS/
station_0221,DSS,D:\flood prediction\Data Collections\new DSSs\station_0221\wind_direction.dss,//station_0221/WIND-DIR/01Sep2022/1Hour/OBS/
station_0222,DSS,D:\flood prediction\Data Collections\new DSSs\station_0222\wind_direction.dss,//station_0222/WIND-DIR/01Sep2022/1Hour/OBS/
station_0223,DSS,D:\flood prediction\Data Collections\new DSSs\station_0223\wind_direction.dss,//station_0223/WIND-DIR/01Sep2022/1Hour/OBS/
station_0224,DSS,D:\flood prediction\Data Collections\new DSSs\station_0224\wind_direction.dss,//station_0224/WIND-DIR/01Sep2022/1Hour/OBS/
station_0225,DSS,D:\flood prediction\Data Collections\new DSSs\station_0225\wind_direction.dss,//station_0225/WIND-DIR/01Sep2022/1Hour/OBS/
station_0226,DSS,D:\flood prediction\Data Collections\new DSSs\station_0226\wind_direction.dss,//station_0226/WIND-DIR/01Sep2022/1Hour/OBS/
station_0227,DSS,D:\flood prediction\Data Collections\new DSSs\station_0227\wind_direction.dss,//station_0227/WIND-DIR/01Sep2022/1Hour/OBS/
station_0228,DSS,D:\flood prediction\Data Collections\new DSSs\station_0228\wind_direction.dss,//station_0228/WIND-DIR/01Sep2022/1Hour/OBS/
station_0229,DSS,D:\flood prediction\Data Collections\new DSSs\station_0229\wind_direction.dss,//station_0229/WIND-DIR/01Sep2022/1Hour/OBS/
station_0230,DSS,D:\flood prediction\Data Collections\new DSSs\station_0230\wind_direction.dss,//station_0230/WIND-DIR/01Sep2022/1Hour/OBS/
station_0231,DSS,D:\flood prediction\Data Collections\new DSSs\station_0231\wind_direction.dss,//station_0231/WIND-DIR/01Sep2022/1Hour/OBS/
station_0232,DSS,D:\flood prediction\Data Collections\new DSSs\station_0232\wind_direction.dss,//station_0232/WIND-DIR/01Sep2022/1Hour/OBS/
station_0233,DSS,D:\flood prediction\Data Collections\new DSSs\station_0233\wind_direction.dss,//station_0233/WIND-DIR/01Sep2022/1Hour/OBS/
station_0234,DSS,D:\flood prediction\Data Collections\new DSSs\station_0234\wind_direction.dss,//station_0234/WIND-DIR/01Sep2022/1Hour/OBS/
station_0235,DSS,D:\flood prediction\Data Collections\new DSSs\station_0235\wind_direction.dss,//station_0235/WIND-DIR/01Sep2022/1Hour/OBS/
station_0236,DSS,D:\flood prediction\Data Collections\new DSSs\station_0236\wind_direction.dss,//station_0236/WIND-DIR/01Sep2022/1Hour/OBS/
station_0237,DSS,D:\flood prediction\Data Collections\new DSSs\station_0237\wind_direction.dss,//station_0237/WIND-DIR/01Sep2022/1Hour/OBS/
station_0238,DSS,D:\flood prediction\Data Collections\new DSSs\station_0238\wind_direction.dss,//station_0238/WIND-DIR/01Sep2022/1Hour/OBS/
station_0239,DSS,D:\flood prediction\Data Collections\new DSSs\station_0239\wind_direction.dss,//station_0239/WIND-DIR/01Sep2022/1Hour/OBS/
station_0240,DSS,D:\flood prediction\Data Collections\new DSSs\station_0240\wind_direction.dss,//station_0240/WIND-DIR/01Sep2022/1Hour/OBS/
station_0241,DSS,D:\flood prediction\Data Collections\new DSSs\station_0241\wind_direction.dss,//station_0241/WIND-DIR/01Sep2022/1Hour/OBS/
station_0242,DSS,D:\flood prediction\Data Collections\new DSSs\station_0242\wind_direction.dss,//station_0242/WIND-DIR/01Sep2022/1Hour/OBS/
station_0243,DSS,D:\flood prediction\Data Collections\new DSSs\station_0243\wind_direction.dss,//station_0243/WIND-DIR/01Sep2022/1Hour/OBS/
station_0244,DSS,D:\flood prediction\Data Collections\new DSSs\station_0244\wind_direction.dss,//station_0244/WIND-DIR/01Sep2022/1Hour/OBS/
station_0245,DSS,D:\flood prediction\Data Collections\new DSSs\station_0245\wind_direction.dss,//station_0245/WIND-DIR/01Sep2022/1Hour/OBS/
station_0246,DSS,D:\flood prediction\Data Collections\new DSSs\station_0246\wind_direction.dss,//station_0246/WIND-DIR/01Sep2022/1Hour/OBS/
station_0247,DSS,D:\flood prediction\Data Collections\new DSSs\station_0247\wind_direction.dss,//station_0247/WIND-DIR/01Sep2022/1Hour/OBS/
station_0248,DSS,D:\flood prediction\Data Collections\new DSSs\station_0248\wind_direction.dss,//station_0248/WIND-DIR/01Sep2022/1Hour/OBS/
station_0249,DSS,D:\flood prediction\Data Collections\new DSSs\station_0249\wind_direction.dss,//station_0249/WIND-DIR/01Sep2022/1Hour/OBS/
station_0250,DSS,D:\flood prediction\Data Collections\new DSSs\station_0250\wind_direction.dss,//station_0250/WIND-DIR/01Sep2022/1Hour/OBS/
station_0251,DSS,D:\flood prediction\Data Collections\new DSSs\station_0251\wind_direction.dss,//station_0251/WIND-DIR/01Sep2022/1Hour/OBS/
station_0252,DSS,D:\flood prediction\Data Collections\new DSSs\station_0252\wind_direction.dss,//station_0252/WIND-DIR/01Sep2022/1Hour/OBS/
station_0253,DSS,D:\flood prediction\Data Collections\new DSSs\station_0253\wind_direction.dss,//station_0253/WIND-DIR/01Sep2022/1Hour/OBS/
station_0254,DSS,D:\flood prediction\Data Collections\new DSSs\station_0254\wind_direction.dss,//station_0254/WIND-DIR/01Sep2022/1Hour/OBS/
station_0255,DSS,D:\flood prediction\Data Collections\new DSSs\station_0255\wind_direction.dss,//station_0255/WIND-DIR/01Sep2022/1Hour/OBS/
station_0256,DSS,D:\flood prediction\Data Collections\new DSSs\station_0256\wind_direction.dss,//station_0256/WIND-DIR/01Sep2022/1Hour/OBS/
station_0257,DSS,D:\flood prediction\Data Collections\new DSSs\station_0257\wind_direction.dss,//station_0257/WIND-DIR/01Sep2022/1Hour/OBS/
station_0258,DSS,D:\flood prediction\Data Collections\new DSSs\station_0258\wind_direction.dss,//station_0258/WIND-DIR/01Sep2022/1Hour/OBS/
station_0259,DSS,D:\flood prediction\Data Collections\new DSSs\station_0259\wind_direction.dss,//station_0259/WIND-DIR/01Sep2022/1Hour/OBS/
station_0260,DSS,D:\flood prediction\Data Collections\new DSSs\station_0260\wind_direction.dss,//station_0260/WIND-DIR/01Sep2022/1Hour/OBS/
station_0261,DSS,D:\flood prediction\Data Collections\new DSSs\station_0261\wind_direction.dss,//station_0261/WIND-DIR/01Sep2022/1Hour/OBS/
station_0262,DSS,D:\flood prediction\Data Collections\new DSSs\station_0262\wind_direction.dss,//station_0262/WIND-DIR/01Sep2022/1Hour/OBS/
station_0263,DSS,D:\flood prediction\Data Collections\new DSSs\station_0263\wind_direction.dss,//station_0263/WIND-DIR/01Sep2022/1Hour/OBS/
station_0264,DSS,D:\flood prediction\Data Collections\new DSSs\station_0264\wind_direction.dss,//station_0264/WIND-DIR/01Sep2022/1Hour/OBS/
station_0265,DSS,D:\flood prediction\Data Collections\new DSSs\station_0265\wind_direction.dss,//station_0265/WIND-DIR/01Sep2022/1Hour/OBS/
station_0266,DSS,D:\flood prediction\Data Collections\new DSSs\station_0266\wind_direction.dss,//station_0266/WIND-DIR/01Sep2022/1Hour/OBS/
station_0267,DSS,D:\flood prediction\Data Collections\new DSSs\station_0267\wind_direction.dss,//station_0267/WIND-DIR/01Sep2022/1Hour/OBS/
station_0268,DSS,D:\flood prediction\Data Collections\new DSSs\station_0268\wind_direction.dss,//station_0268/WIND-DIR/01Sep2022/1Hour/OBS/
station_0269,DSS,D:\flood prediction\Data Collections\new DSSs\station_0269\wind_direction.dss,//station_0269/WIND-DIR/01Sep2022/1Hour/OBS/
station_0270,DSS,D:\flood prediction\Data Collections\new DSSs\station_0270\wind_direction.dss,//station_0270/WIND-DIR/01Sep2022/1Hour/OBS/
station_0271,DSS,D:\flood prediction\Data Collections\new DSSs\station_0271\wind_direction.dss,//station_0271/WIND-DIR/01Sep2022/1Hour/OBS/
station_0272,DSS,D:\flood prediction\Data Collections\new DSSs\station_0272\wind_direction.dss,//station_0272/WIND-DIR/01Sep2022/1Hour/OBS/
station_0273,DSS,D:\flood prediction\Data Collections\new DSSs\station_0273\wind_direction.dss,//station_0273/WIND-DIR/01Sep2022/1Hour/OBS/
station_0274,DSS,D:\flood prediction\Data Collections\new DSSs\station_0274\wind_direction.dss,//station_0274/WIND-DIR/01Sep2022/1Hour/OBS/
station_0275,DSS,D:\flood prediction\Data Collections\new DSSs\station_0275\wind_direction.dss,//station_0275/WIND-DIR/01Sep2022/1Hour/OBS/
station_0276,DSS,D:\flood prediction\Data Collections\new DSSs\station_0276\wind_direction.dss,//station_0276/WIND-DIR/01Sep2022/1Hour/OBS/
station_0277,DSS,D:\flood prediction\Data Collections\new DSSs\station_0277\wind_direction.dss,//station_0277/WIND-DIR/01Sep2022/1Hour/OBS/
station_0278,DSS,D:\flood prediction\Data Collections\new DSSs\station_0278\wind_direction.dss,//station_0278/WIND-DIR/01Sep2022/1Hour/OBS/
station_0279,DSS,D:\flood prediction\Data Collections\new DSSs\station_0279\wind_direction.dss,//station_0279/WIND-DIR/01Sep2022/1Hour/OBS/
station_0280,DSS,D:\flood prediction\Data Collections\new DSSs\station_0280\wind_direction.dss,//station_0280/WIND-DIR/01Sep2022/1Hour/OBS/
station_0281,DSS,D:\flood prediction\Data Collections\new DSSs\station_0281\wind_direction.dss,//station_0281/WIND-DIR/01Sep2022/1Hour/OBS/
station_0282,DSS,D:\flood prediction\Data Collections\new DSSs\station_0282\wind_direction.dss,//station_0282/WIND-DIR/01Sep2022/1Hour/OBS/
station_0283,DSS,D:\flood prediction\Data Collections\new DSSs\station_0283\wind_direction.dss,//station_0283/WIND-DIR/01Sep2022/1Hour/OBS/
station_0284,DSS,D:\flood prediction\Data Collections\new DSSs\station_0284\wind_direction.dss,//station_0284/WIND-DIR/01Sep2022/1Hour/OBS/
station_0285,DSS,D:\flood prediction\Data Collections\new DSSs\station_0285\wind_direction.dss,//station_0285/WIND-DIR/01Sep2022/1Hour/OBS/
station_0286,DSS,D:\flood prediction\Data Collections\new DSSs\station_0286\wind_direction.dss,//station_0286/WIND-DIR/01Sep2022/1Hour/OBS/
station_0287,DSS,D:\flood prediction\Data Collections\new DSSs\station_0287\wind_direction.dss,//station_0287/WIND-DIR/01Sep2022/1Hour/OBS/
station_0288,DSS,D:\flood prediction\Data Collections\new DSSs\station_0288\wind_direction.dss,//station_0288/WIND-DIR/01Sep2022/1Hour/OBS/
station_0289,DSS,D:\flood prediction\Data Collections\new DSSs\station_0289\wind_direction.dss,//station_0289/WIND-DIR/01Sep2022/1Hour/OBS/
station_0290,DSS,D:\flood prediction\Data Collections\new DSSs\station_0290\wind_direction.dss,//station_0290/WIND-DIR/01Sep2022/1Hour/OBS/
station_0291,DSS,D:\flood prediction\Data Collections\new DSSs\station_0291\wind_direction.dss,//station_0291/WIND-DIR/01Sep2022/1Hour/OBS/
station_0292,DSS,D:\flood prediction\Data Collections\new DSSs\station_0292\wind_direction.dss,//station_0292/WIND-DIR/01Sep2022/1Hour/OBS/
station_0293,DSS,D:\flood prediction\Data Collections\new DSSs\station_0293\wind_direction.dss,//station_0293/WIND-DIR/01Sep2022/1Hour/OBS/
station_0294,DSS,D:\flood prediction\Data Collections\new DSSs\station_0294\wind_direction.dss,//station_0294/WIND-DIR/01Sep2022/1Hour/OBS/
station_0295,DSS,D:\flood prediction\Data Collections\new DSSs\station_0295\wind_direction.dss,//station_0295/WIND-DIR/01Sep2022/1Hour/OBS/
station_0296,DSS,D:\flood prediction\Data Collections\new DSSs\station_0296\wind_direction.dss,//station_0296/WIND-DIR/01Sep2022/1Hour/OBS/
station_0297,DSS,D:\flood prediction\Data Collections\new DSSs\station_0297\wind_direction.dss,//station_0297/WIND-DIR/01Sep2022/1Hour/OBS/
station_0298,DSS,D:\flood prediction\Data Collections\new DSSs\station_0298\wind_direction.dss,//station_0298/WIND-DIR/01Sep2022/1Hour/OBS/
station_0299,DSS,D:\flood prediction\Data Collections\new DSSs\station_0299\wind_direction.dss,//station_0299/WIND-DIR/01Sep2022/1Hour/OBS/
station_0300,DSS,D:\flood prediction\Data Collections\new DSSs\station_0300\wind_direction.dss,//station_0300/WIND-DIR/01Sep2022/1Hour/OBS/
station_0301,DSS,D:\flood prediction\Data Collections\new DSSs\station_0301\wind_direction.dss,//station_0301/WIND-DIR/01Sep2022/1Hour/OBS/
station_0302,DSS,D:\flood prediction\Data Collections\new DSSs\station_0302\wind_direction.dss,//station_0302/WIND-DIR/01Sep2022/1Hour/OBS/
station_0303,DSS,D:\flood prediction\Data Collections\new DSSs\station_0303\wind_direction.dss,//station_0303/WIND-DIR/01Sep2022/1Hour/OBS/
station_0304,DSS,D:\flood prediction\Data Collections\new DSSs\station_0304\wind_direction.dss,//station_0304/WIND-DIR/01Sep2022/1Hour/OBS/
station_0305,DSS,D:\flood prediction\Data Collections\new DSSs\station_0305\wind_direction.dss,//station_0305/WIND-DIR/01Sep2022/1Hour/OBS/
station_0306,DSS,D:\flood prediction\Data Collections\new DSSs\station_0306\wind_direction.dss,//station_0306/WIND-DIR/01Sep2022/1Hour/OBS/
station_0307,DSS,D:\flood prediction\Data Collections\new DSSs\station_0307\wind_direction.dss,//station_0307/WIND-DIR/01Sep2022/1Hour/OBS/
station_0308,DSS,D:\flood prediction\Data Collections\new DSSs\station_0308\wind_direction.dss,//station_0308/WIND-DIR/01Sep2022/1Hour/OBS/
station_0309,DSS,D:\flood prediction\Data Collections\new DSSs\station_0309\wind_direction.dss,//station_0309/WIND-DIR/01Sep2022/1Hour/OBS/
station_0310,DSS,D:\flood prediction\Data Collections\new DSSs\station_0310\wind_direction.dss,//station_0310/WIND-DIR/01Sep2022/1Hour/OBS/
station_0311,DSS,D:\flood prediction\Data Collections\new DSSs\station_0311\wind_direction.dss,//station_0311/WIND-DIR/01Sep2022/1Hour/OBS/
station_0312,DSS,D:\flood prediction\Data Collections\new DSSs\station_0312\wind_direction.dss,//station_0312/WIND-DIR/01Sep2022/1Hour/OBS/
station_0313,DSS,D:\flood prediction\Data Collections\new DSSs\station_0313\wind_direction.dss,//station_0313/WIND-DIR/01Sep2022/1Hour/OBS/
station_0314,DSS,D:\flood prediction\Data Collections\new DSSs\station_0314\wind_direction.dss,//station_0314/WIND-DIR/01Sep2022/1Hour/OBS/
station_0315,DSS,D:\flood prediction\Data Collections\new DSSs\station_0315\wind_direction.dss,//station_0315/WIND-DIR/01Sep2022/1Hour/OBS/
station_0316,DSS,D:\flood prediction\Data Collections\new DSSs\station_0316\wind_direction.dss,//station_0316/WIND-DIR/01Sep2022/1Hour/OBS/
station_0317,DSS,D:\flood prediction\Data Collections\new DSSs\station_0317\wind_direction.dss,//station_0317/WIND-DIR/01Sep2022/1Hour/OBS/
station_0318,DSS,D:\flood prediction\Data Collections\new DSSs\station_0318\wind_direction.dss,//station_0318/WIND-DIR/01Sep2022/1Hour/OBS/
station_0319,DSS,D:\flood prediction\Data Collections\new DSSs\station_0319\wind_direction.dss,//station_0319/WIND-DIR/01Sep2022/1Hour/OBS/
station_0320,DSS,D:\flood prediction\Data Collections\new DSSs\station_0320\wind_direction.dss,//station_0320/WIND-DIR/01Sep2022/1Hour/OBS/
station_0321,DSS,D:\flood prediction\Data Collections\new DSSs\station_0321\wind_direction.dss,//station_0321/WIND-DIR/01Sep2022/1Hour/OBS/
station_0322,DSS,D:\flood prediction\Data Collections\new DSSs\station_0322\wind_direction.dss,//station_0322/WIND-DIR/01Sep2022/1Hour/OBS/
station_0323,DSS,D:\flood prediction\Data Collections\new DSSs\station_0323\wind_direction.dss,//station_0323/WIND-DIR/01Sep2022/1Hour/OBS/
station_0324,DSS,D:\flood prediction\Data Collections\new DSSs\station_0324\wind_direction.dss,//station_0324/WIND-DIR/01Sep2022/1Hour/OBS/
station_0325,DSS,D:\flood prediction\Data Collections\new DSSs\station_0325\wind_direction.dss,//station_0325/WIND-DIR/01Sep2022/1Hour/OBS/
station_0326,DSS,D:\flood prediction\Data Collections\new DSSs\station_0326\wind_direction.dss,//station_0326/WIND-DIR/01Sep2022/1Hour/OBS/
station_0327,DSS,D:\flood prediction\Data Collections\new DSSs\station_0327\wind_direction.dss,//station_0327/WIND-DIR/01Sep2022/1Hour/OBS/
station_0328,DSS,D:\flood prediction\Data Collections\new DSSs\station_0328\wind_direction.dss,//station_0328/WIND-DIR/01Sep2022/1Hour/OBS/
station_0329,DSS,D:\flood prediction\Data Collections\new DSSs\station_0329\wind_direction.dss,//station_0329/WIND-DIR/01Sep2022/1Hour/OBS/
station_0330,DSS,D:\flood prediction\Data Collections\new DSSs\station_0330\wind_direction.dss,//station_0330/WIND-DIR/01Sep2022/1Hour/OBS/
station_0331,DSS,D:\flood prediction\Data Collections\new DSSs\station_0331\wind_direction.dss,//station_0331/WIND-DIR/01Sep2022/1Hour/OBS/
station_0332,DSS,D:\flood prediction\Data Collections\new DSSs\station_0332\wind_direction.dss,//station_0332/WIND-DIR/01Sep2022/1Hour/OBS/
station_0333,DSS,D:\flood prediction\Data Collections\new DSSs\station_0333\wind_direction.dss,//station_0333/WIND-DIR/01Sep2022/1Hour/OBS/
station_0334,DSS,D:\flood prediction\Data Collections\new DSSs\station_0334\wind_direction.dss,//station_0334/WIND-DIR/01Sep2022/1Hour/OBS/
station_0335,DSS,D:\flood prediction\Data Collections\new DSSs\station_0335\wind_direction.dss,//station_0335/WIND-DIR/01Sep2022/1Hour/OBS/
station_0336,DSS,D:\flood prediction\Data Collections\new DSSs\station_0336\wind_direction.dss,//station_0336/WIND-DIR/01Sep2022/1Hour/OBS/
station_0337,DSS,D:\flood prediction\Data Collections\new DSSs\station_0337\wind_direction.dss,//station_0337/WIND-DIR/01Sep2022/1Hour/OBS/
station_0338,DSS,D:\flood prediction\Data Collections\new DSSs\station_0338\wind_direction.dss,//station_0338/WIND-DIR/01Sep2022/1Hour/OBS/
station_0339,DSS,D:\flood prediction\Data Collections\new DSSs\station_0339\wind_direction.dss,//station_0339/WIND-DIR/01Sep2022/1Hour/OBS/
station_0340,DSS,D:\flood prediction\Data Collections\new DSSs\station_0340\wind_direction.dss,//station_0340/WIND-DIR/01Sep2022/1Hour/OBS/
station_0341,DSS,D:\flood prediction\Data Collections\new DSSs\station_0341\wind_direction.dss,//station_0341/WIND-DIR/01Sep2022/1Hour/OBS/
station_0342,DSS,D:\flood prediction\Data Collections\new DSSs\station_0342\wind_direction.dss,//station_0342/WIND-DIR/01Sep2022/1Hour/OBS/
station_0343,DSS,D:\flood prediction\Data Collections\new DSSs\station_0343\wind_direction.dss,//station_0343/WIND-DIR/01Sep2022/1Hour/OBS/
station_0344,DSS,D:\flood prediction\Data Collections\new DSSs\station_0344\wind_direction.dss,//station_0344/WIND-DIR/01Sep2022/1Hour/OBS/
station_0345,DSS,D:\flood prediction\Data Collections\new DSSs\station_0345\wind_direction.dss,//station_0345/WIND-DIR/01Sep2022/1Hour/OBS/
station_0346,DSS,D:\flood prediction\Data Collections\new DSSs\station_0346\wind_direction.dss,//station_0346/WIND-DIR/01Sep2022/1Hour/OBS/
station_0347,DSS,D:\flood prediction\Data Collections\new DSSs\station_0347\wind_direction.dss,//station_0347/WIND-DIR/01Sep2022/1Hour/OBS/
station_0348,DSS,D:\flood prediction\Data Collections\new DSSs\station_0348\wind_direction.dss,//station_0348/WIND-DIR/01Sep2022/1Hour/OBS/
station_0349,DSS,D:\flood prediction\Data Collections\new DSSs\station_0349\wind_direction.dss,//station_0349/WIND-DIR/01Sep2022/1Hour/OBS/
station_0350,DSS,D:\flood prediction\Data Collections\new DSSs\station_0350\wind_direction.dss,//station_0350/WIND-DIR/01Sep2022/1Hour/OBS/
station_0351,DSS,D:\flood prediction\Data Collections\new DSSs\station_0351\wind_direction.dss,//station_0351/WIND-DIR/01Sep2022/1Hour/OBS/
station_0352,DSS,D:\flood prediction\Data Collections\new DSSs\station_0352\wind_direction.dss,//station_0352/WIND-DIR/01Sep2022/1Hour/OBS/
station_0353,DSS,D:\flood prediction\Data Collections\new DSSs\station_0353\wind_direction.dss,//station_0353/WIND-DIR/01Sep2022/1Hour/OBS/
station_0354,DSS,D:\flood prediction\Data Collections\new DSSs\station_0354\wind_direction.dss,//station_0354/WIND-DIR/01Sep2022/1Hour/OBS/
station_0355,DSS,D:\flood prediction\Data Collections\new DSSs\station_0355\wind_direction.dss,//station_0355/WIND-DIR/01Sep2022/1Hour/OBS/
station_0356,DSS,D:\flood prediction\Data Collections\new DSSs\station_0356\wind_direction.dss,//station_0356/WIND-DIR/01Sep2022/1Hour/OBS/
station_0357,DSS,D:\flood prediction\Data Collections\new DSSs\station_0357\wind_direction.dss,//station_0357/WIND-DIR/01Sep2022/1Hour/OBS/
station_0358,DSS,D:\flood prediction\Data Collections\new DSSs\station_0358\wind_direction.dss,//station_0358/WIND-DIR/01Sep2022/1Hour/OBS/
station_0359,DSS,D:\flood prediction\Data Collections\new DSSs\station_0359\wind_direction.dss,//station_0359/WIND-DIR/01Sep2022/1Hour/OBS/
station_0360,DSS,D:\flood prediction\Data Collections\new DSSs\station_0360\wind_direction.dss,//station_0360/WIND-DIR/01Sep2022/1Hour/OBS/
station_0361,DSS,D:\flood prediction\Data Collections\new DSSs\station_0361\wind_direction.dss,//station_0361/WIND-DIR/01Sep2022/1Hour/OBS/
station_0362,DSS,D:\flood prediction\Data Collections\new DSSs\station_0362\wind_direction.dss,//station_0362/WIND-DIR/01Sep2022/1Hour/OBS/
station_0363,DSS,D:\flood prediction\Data Collections\new DSSs\station_0363\wind_direction.dss,//station_0363/WIND-DIR/01Sep2022/1Hour/OBS/
station_0364,DSS,D:\flood prediction\Data Collections\new DSSs\station_0364\wind_direction.dss,//station_0364/WIND-DIR/01Sep2022/1Hour/OBS/
station_0365,DSS,D:\flood prediction\Data Collections\new DSSs\station_0365\wind_direction.dss,//station_0365/WIND-DIR/01Sep2022/1Hour/OBS/
station_0366,DSS,D:\flood prediction\Data Collections\new DSSs\station_0366\wind_direction.dss,//station_0366/WIND-DIR/01Sep2022/1Hour/OBS/
station_0367,DSS,D:\flood prediction\Data Collections\new DSSs\station_0367\wind_direction.dss,//station_0367/WIND-DIR/01Sep2022/1Hour/OBS/
station_0368,DSS,D:\flood prediction\Data Collections\new DSSs\station_0368\wind_direction.dss,//station_0368/WIND-DIR/01Sep2022/1Hour/OBS/
station_0369,DSS,D:\flood prediction\Data Collections\new DSSs\station_0369\wind_direction.dss,//station_0369/WIND-DIR/01Sep2022/1Hour/OBS/
station_0370,DSS,D:\flood prediction\Data Collections\new DSSs\station_0370\wind_direction.dss,//station_0370/WIND-DIR/01Sep2022/1Hour/OBS/
station_0371,DSS,D:\flood prediction\Data Collections\new DSSs\station_0371\wind_direction.dss,//station_0371/WIND-DIR/01Sep2022/1Hour/OBS/
station_0372,DSS,D:\flood prediction\Data Collections\new DSSs\station_0372\wind_direction.dss,//station_0372/WIND-DIR/01Sep2022/1Hour/OBS/
station_0373,DSS,D:\flood prediction\Data Collections\new DSSs\station_0373\wind_direction.dss,//station_0373/WIND-DIR/01Sep2022/1Hour/OBS/
station_0374,DSS,D:\flood prediction\Data Collections\new DSSs\station_0374\wind_direction.dss,//station_0374/WIND-DIR/01Sep2022/1Hour/OBS/
station_0375,DSS,D:\flood prediction\Data Collections\new DSSs\station_0375\wind_direction.dss,//station_0375/WIND-DIR/01Sep2022/1Hour/OBS/
station_0376,DSS,D:\flood prediction\Data Collections\new DSSs\station_0376\wind_direction.dss,//station_0376/WIND-DIR/01Sep2022/1Hour/OBS/
station_0377,DSS,D:\flood prediction\Data Collections\new DSSs\station_0377\wind_direction.dss,//station_0377/WIND-DIR/01Sep2022/1Hour/OBS/
station_0378,DSS,D:\flood prediction\Data Collections\new DSSs\station_0378\wind_direction.dss,//station_0378/WIND-DIR/01Sep2022/1Hour/OBS/
station_0379,DSS,D:\flood prediction\Data Collections\new DSSs\station_0379\wind_direction.dss,//station_0379/WIND-DIR/01Sep2022/1Hour/OBS/
station_0380,DSS,D:\flood prediction\Data Collections\new DSSs\station_0380\wind_direction.dss,//station_0380/WIND-DIR/01Sep2022/1Hour/OBS/
station_0381,DSS,D:\flood prediction\Data Collections\new DSSs\station_0381\wind_direction.dss,//station_0381/WIND-DIR/01Sep2022/1Hour/OBS/
station_0382,DSS,D:\flood prediction\Data Collections\new DSSs\station_0382\wind_direction.dss,//station_0382/WIND-DIR/01Sep2022/1Hour/OBS/
station_0383,DSS,D:\flood prediction\Data Collections\new DSSs\station_0383\wind_direction.dss,//station_0383/WIND-DIR/01Sep2022/1Hour/OBS/
station_0384,DSS,D:\flood prediction\Data Collections\new DSSs\station_0384\wind_direction.dss,//station_0384/WIND-DIR/01Sep2022/1Hour/OBS/
station_0385,DSS,D:\flood prediction\Data Collections\new DSSs\station_0385\wind_direction.dss,//station_0385/WIND-DIR/01Sep2022/1Hour/OBS/
station_0386,DSS,D:\flood prediction\Data Collections\new DSSs\station_0386\wind_direction.dss,//station_0386/WIND-DIR/01Sep2022/1Hour/OBS/
station_0387,DSS,D:\flood prediction\Data Collections\new DSSs\station_0387\wind_direction.dss,//station_0387/WIND-DIR/01Sep2022/1Hour/OBS/
station_0388,DSS,D:\flood prediction\Data Collections\new DSSs\station_0388\wind_direction.dss,//station_0388/WIND-DIR/01Sep2022/1Hour/OBS/
station_0389,DSS,D:\flood prediction\Data Collections\new DSSs\station_0389\wind_direction.dss,//station_0389/WIND-DIR/01Sep2022/1Hour/OBS/
station_0390,DSS,D:\flood prediction\Data Collections\new DSSs\station_0390\wind_direction.dss,//station_0390/WIND-DIR/01Sep2022/1Hour/OBS/
station_0391,DSS,D:\flood prediction\Data Collections\new DSSs\station_0391\wind_direction.dss,//station_0391/WIND-DIR/01Sep2022/1Hour/OBS/
station_0392,DSS,D:\flood prediction\Data Collections\new DSSs\station_0392\wind_direction.dss,//station_0392/WIND-DIR/01Sep2022/1Hour/OBS/
station_0393,DSS,D:\flood prediction\Data Collections\new DSSs\station_0393\wind_direction.dss,//station_0393/WIND-DIR/01Sep2022/1Hour/OBS/
station_0394,DSS,D:\flood prediction\Data Collections\new DSSs\station_0394\wind_direction.dss,//station_0394/WIND-DIR/01Sep2022/1Hour/OBS/
station_0395,DSS,D:\flood prediction\Data Collections\new DSSs\station_0395\wind_direction.dss,//station_0395/WIND-DIR/01Sep2022/1Hour/OBS/
station_0396,DSS,D:\flood prediction\Data Collections\new DSSs\station_0396\wind_direction.dss,//station_0396/WIND-DIR/01Sep2022/1Hour/OBS/
station_0397,DSS,D:\flood prediction\Data Collections\new DSSs\station_0397\wind_direction.dss,//station_0397/WIND-DIR/01Sep2022/1Hour/OBS/
station_0398,DSS,D:\flood prediction\Data Collections\new DSSs\station_0398\wind_direction.dss,//station_0398/WIND-DIR/01Sep2022/1Hour/OBS/
station_0399,DSS,D:\flood prediction\Data Collections\new DSSs\station_0399\wind_direction.dss,//station_0399/WIND-DIR/01Sep2022/1Hour/OBS/
station_0400,DSS,D:\flood prediction\Data Collections\new DSSs\station_0400\wind_direction.dss,//station_0400/WIND-DIR/01Sep2022/1Hour/OBS/
station_0401,DSS,D:\flood prediction\Data Collections\new DSSs\station_0401\wind_direction.dss,//station_0401/WIND-DIR/01Sep2022/1Hour/OBS/
station_0402,DSS,D:\flood prediction\Data Collections\new DSSs\station_0402\wind_direction.dss,//station_0402/WIND-DIR/01Sep2022/1Hour/OBS/
station_0403,DSS,D:\flood prediction\Data Collections\new DSSs\station_0403\wind_direction.dss,//station_0403/WIND-DIR/01Sep2022/1Hour/OBS/
station_0404,DSS,D:\flood prediction\Data Collections\new DSSs\station_0404\wind_direction.dss,//station_0404/WIND-DIR/01Sep2022/1Hour/OBS/
station_0405,DSS,D:\flood prediction\Data Collections\new DSSs\station_0405\wind_direction.dss,//station_0405/WIND-DIR/01Sep2022/1Hour/OBS/
station_0406,DSS,D:\flood prediction\Data Collections\new DSSs\station_0406\wind_direction.dss,//station_0406/WIND-DIR/01Sep2022/1Hour/OBS/
station_0407,DSS,D:\flood prediction\Data Collections\new DSSs\station_0407\wind_direction.dss,//station_0407/WIND-DIR/01Sep2022/1Hour/OBS/
station_0408,DSS,D:\flood prediction\Data Collections\new DSSs\station_0408\wind_direction.dss,//station_0408/WIND-DIR/01Sep2022/1Hour/OBS/
station_0409,DSS,D:\flood prediction\Data Collections\new DSSs\station_0409\wind_direction.dss,//station_0409/WIND-DIR/01Sep2022/1Hour/OBS/
station_0410,DSS,D:\flood prediction\Data Collections\new DSSs\station_0410\wind_direction.dss,//station_0410/WIND-DIR/01Sep2022/1Hour/OBS/
station_0411,DSS,D:\flood prediction\Data Collections\new DSSs\station_0411\wind_direction.dss,//station_0411/WIND-DIR/01Sep2022/1Hour/OBS/
station_0412,DSS,D:\flood prediction\Data Collections\new DSSs\station_0412\wind_direction.dss,//station_0412/WIND-DIR/01Sep2022/1Hour/OBS/
station_0413,DSS,D:\flood prediction\Data Collections\new DSSs\station_0413\wind_direction.dss,//station_0413/WIND-DIR/01Sep2022/1Hour/OBS/
station_0414,DSS,D:\flood prediction\Data Collections\new DSSs\station_0414\wind_direction.dss,//station_0414/WIND-DIR/01Sep2022/1Hour/OBS/
station_0415,DSS,D:\flood prediction\Data Collections\new DSSs\station_0415\wind_direction.dss,//station_0415/WIND-DIR/01Sep2022/1Hour/OBS/
station_0416,DSS,D:\flood prediction\Data Collections\new DSSs\station_0416\wind_direction.dss,//station_0416/WIND-DIR/01Sep2022/1Hour/OBS/
station_0417,DSS,D:\flood prediction\Data Collections\new DSSs\station_0417\wind_direction.dss,//station_0417/WIND-DIR/01Sep2022/1Hour/OBS/
station_0418,DSS,D:\flood prediction\Data Collections\new DSSs\station_0418\wind_direction.dss,//station_0418/WIND-DIR/01Sep2022/1Hour/OBS/
station_0419,DSS,D:\flood prediction\Data Collections\new DSSs\station_0419\wind_direction.dss,//station_0419/WIND-DIR/01Sep2022/1Hour/OBS/
station_0420,DSS,D:\flood prediction\Data Collections\new DSSs\station_0420\wind_direction.dss,//station_0420/WIND-DIR/01Sep2022/1Hour/OBS/
station_0421,DSS,D:\flood prediction\Data Collections\new DSSs\station_0421\wind_direction.dss,//station_0421/WIND-DIR/01Sep2022/1Hour/OBS/
station_0422,DSS,D:\flood prediction\Data Collections\new DSSs\station_0422\wind_direction.dss,//station_0422/WIND-DIR/01Sep2022/1Hour/OBS/
station_0423,DSS,D:\flood prediction\Data Collections\new DSSs\station_0423\wind_direction.dss,//station_0423/WIND-DIR/01Sep2022/1Hour/OBS/
station_0424,DSS,D:\flood prediction\Data Collections\new DSSs\station_0424\wind_direction.dss,//station_0424/WIND-DIR/01Sep2022/1Hour/OBS/
station_0425,DSS,D:\flood prediction\Data Collections\new DSSs\station_0425\wind_direction.dss,//station_0425/WIND-DIR/01Sep2022/1Hour/OBS/
station_0426,DSS,D:\flood prediction\Data Collections\new DSSs\station_0426\wind_direction.dss,//station_0426/WIND-DIR/01Sep2022/1Hour/OBS/
station_0427,DSS,D:\flood prediction\Data Collections\new DSSs\station_0427\wind_direction.dss,//station_0427/WIND-DIR/01Sep2022/1Hour/OBS/
